{"stats":{"minecraft:used":{"minecraft:stone_sword":105,"minecraft:rose_bush":2,"minecraft:flint_and_steel":1,"minecraft:armor_stand":2,"minecraft:wooden_shovel":41,"minecraft:cooked_salmon":8,"minecraft:rotten_flesh":3,"minecraft:torch":54,"minecraft:dirt":14,"cataclysm:stone_tiles":3,"minecraft:tuff":3,"minecraft:dark_oak_planks":13,"minecraft:wooden_axe":45,"alexsmobs:maggot":2,"minecraft:lava_bucket":25,"minecraft:sweet_berries":48,"minecraft:furnace":2,"minecraft:cooked_cod":2,"minecraft:cooked_beef":11,"minecraft:potato":2,"minecraft:cobbled_deepslate":69,"minecraft:calcite":2,"minecraft:cooked_mutton":12,"minecraft:wheat_seeds":14,"alexsmobs:cooked_catfish":3,"minecraft:water_bucket":3,"minecraft:diorite":9,"minecraft:baked_potato":13,"minecraft:stone_pickaxe":202,"minecraft:wooden_pickaxe":32,"biomesoplenty:fir_planks":23,"minecraft:leather_boots":2,"minecraft:sugar_cane":2,"cataclysm:stone_pillar":2,"minecraft:tnt":1,"minecraft:crafting_table":5,"minecraft:white_bed":2,"minecraft:diamond_pickaxe":23,"minecraft:bread":8,"minecraft:iron_pickaxe":46,"minecraft:stone_axe":48,"minecraft:wooden_sword":11,"minecraft:diamond_sword":58,"minecraft:cobblestone":32,"travelersbackpack:standard":1,"minecraft:cooked_porkchop":8,"minecraft:andesite":8,"minecraft:bucket":29,"minecraft:pumpkin_pie":1,"minecraft:oak_boat":1,"minecraft:sea_pickle":9},"minecraft:mined":{"biomesoplenty:orange_autumn_leaves":64,"minecraft:tuff":3,"minecraft:white_bed":2,"minecraft:deepslate_diamond_ore":9,"minecraft:dark_oak_log":7,"minecraft:jack_o_lantern":1,"cataclysm:stone_tiles":3,"minecraft:carved_pumpkin":1,"gravestone:gravestone":3,"minecraft:granite":1,"minecraft:grass_block":2,"cataclysm:stone_tile_stairs":1,"minecraft:spruce_leaves":2,"biomesoplenty:jacaranda_log":8,"minecraft:raw_iron_block":1,"minecraft:furnace":1,"biomesoplenty:toadstool":1,"minecraft:iron_ore":13,"minecraft:fire":4,"minecraft:cobbled_deepslate":1,"biomesoplenty:lavender":36,"minecraft:andesite":8,"minecraft:pumpkin":7,"evilcraft:dark_ore":1,"minecraft:potatoes":1,"minecraft:deepslate_iron_ore":23,"minecraft:stone":77,"biomesoplenty:jacaranda_leaves":11,"minecraft:deepslate_redstone_ore":1,"minecraft:crafting_table":3,"minecraft:torch":3,"minecraft:rose_bush":2,"minecraft:tall_grass":1,"biomesoplenty:sprout":16,"minecraft:deepslate_gold_ore":15,"minecraft:sugar_cane":10,"minecraft:diorite":14,"minecraft:wall_torch":8,"mca:cross_headstone":1,"evilcraft:dark_ore_deepslate":4,"minecraft:birch_log":5,"biomesoplenty:yellow_autumn_leaves":1,"minecraft:wheat":12,"minecraft:sweet_berry_bush":30,"minecraft:birch_leaves":1,"minecraft:pumpkin_stem":1,"biomesoplenty:fir_log":18,"minecraft:grass":31,"minecraft:coal_ore":51,"evilcraft:blood_stain":1,"biomesoplenty:fir_leaves":1,"minecraft:sunflower":2,"minecraft:gravel":38,"minecraft:dirt":13,"minecraft:polished_andesite":1,"minecraft:oak_leaves":1,"minecraft:deepslate":66,"minecraft:fern":3},"minecraft:broken":{"minecraft:leather_chestplate":1,"minecraft:stone_pickaxe":1,"minecraft:leather_boots":1,"minecraft:stone_axe":1,"minecraft:wooden_axe":1},"minecraft:dropped":{"minecraft:water_bucket":1,"minecraft:iron_ingot":2,"minecraft:wheat_seeds":15,"minecraft:baked_potato":1,"minecraft:glow_ink_sac":3,"minecraft:diamond":2,"minecraft:cobblestone":3,"minecraft:copper_ingot":3,"travelersbackpack:standard":1,"minecraft:polished_andesite":1,"minecraft:dirt":1,"mca:book_romance":1,"minecraft:diorite":5,"evenmoreinstruments:guitar":3,"minecraft:wooden_axe":1,"minecraft:brown_wool":2,"gravestone:obituary":6,"minecraft:wooden_sword":1,"minecraft:sunflower":2,"minecraft:iron_pickaxe":1,"travelersbackpack:backpack_tank":4,"minecraft:spruce_sapling":1,"minecraft:redstone":10,"minecraft:bone":2,"biomesoplenty:toadstool":1,"minecraft:sugar_cane":8,"minecraft:spyglass":1,"minecraft:cooked_chicken":1,"minecraft:stone_sword":1,"alexsmobs:animal_dictionary":1,"minecraft:wheat":2,"minecraft:raw_iron":3,"minecraft:rotten_flesh":10,"minecraft:light_gray_wool":2,"evilcraft:flesh_humanoid":2,"minecraft:filled_map":2,"biomesoplenty:fir_planks":8,"minecraft:gunpowder":7,"aether:iron_gloves":2,"minecraft:oak_sapling":1,"minecraft:spider_eye":1,"minecraft:wooden_pickaxe":1,"minecraft:raw_gold":15},"minecraft:crafted":{"minecraft:wooden_sword":1,"minecraft:raw_iron":9,"minecraft:cooked_chicken":0,"minecraft:furnace":1,"minecraft:cooked_mutton":8,"minecraft:flint_and_steel":1,"minecraft:glass":7,"travelersbackpack:white_sleeping_bag":1,"minecraft:iron_boots":1,"minecraft:stone_pickaxe":2,"minecraft:chest":1,"alexsmobs:cooked_catfish":2,"minecraft:dark_oak_planks":26,"evenmoreinstruments:guitar":1,"minecraft:cooked_beef":0,"minecraft:cooked_cod":2,"minecraft:wooden_shovel":1,"minecraft:diamond_sword":1,"biomesoplenty:jacaranda_planks":32,"minecraft:cooked_porkchop":5,"minecraft:crafting_table":2,"travelersbackpack:backpack_tank":2,"travelersbackpack:standard":1,"minecraft:wooden_pickaxe":1,"minecraft:baked_potato":8,"minecraft:cooked_salmon":8,"minecraft:bucket":1,"minecraft:birch_planks":20,"minecraft:stone_axe":1,"minecraft:bread":2,"minecraft:air":0,"biomesoplenty:fir_planks":68,"travelersbackpack:emerald":1,"minecraft:diamond_pickaxe":1,"minecraft:stick":48,"minecraft:iron_ingot":4,"minecraft:iron_pickaxe":1,"minecraft:wooden_axe":1,"minecraft:stone_sword":2,"minecraft:iron_leggings":1,"minecraft:white_bed":1,"minecraft:torch":122},"minecraft:killed":{"enemyexpansion:equestrian":1,"minecraft:spider":2,"enemyexpansion:direwolf":3,"minecraft:skeleton":7,"minecraft:chicken":1,"minecraft:pig":3,"minecraft:salmon":6,"minecraft:creeper":2,"minecraft:sheep":6,"minecraft:zombie":10,"enemyexpansion:vampire":1,"enemyexpansion:huntsman":1,"enemyexpansion:botfly":2,"alexsmobs:fly":1,"mca:female_villager":1,"minecraft:cow":1},"minecraft:picked_up":{"minecraft:iron_chestplate":1,"minecraft:crafting_table":3,"minecraft:wheat":9,"minecraft:chicken":1,"cataclysm:stone_tile_stairs":1,"aether:iron_gloves":1,"biomesoplenty:orange_autumn_sapling":3,"biomesoplenty:jacaranda_sapling":2,"gravestone:obituary":3,"alexsmobs:cooked_catfish":1,"minecraft:string":5,"minecraft:armor_stand":2,"minecraft:sea_pickle":9,"minecraft:tnt_minecart":1,"minecraft:cobbled_deepslate":77,"biomesoplenty:fir_planks":8,"minecraft:beef":3,"minecraft:oak_boat":2,"minecraft:rose_bush":3,"minecraft:calcite":2,"minecraft:light_gray_wool":2,"minecraft:sugar_cane":10,"minecraft:furnace":1,"minecraft:stick":3,"minecraft:raw_iron":34,"minecraft:copper_ingot":3,"minecraft:torch":12,"minecraft:porkchop":5,"minecraft:diorite":14,"minecraft:redstone":10,"minecraft:tnt":1,"minecraft:arrow":11,"minecraft:rotten_flesh":13,"biomesoplenty:jacaranda_log":8,"minecraft:pumpkin_pie":1,"minecraft:carved_pumpkin":2,"minecraft:gold_ingot":2,"minecraft:birch_log":5,"minecraft:mutton":11,"minecraft:cod":2,"cataclysm:stone_pillar":2,"minecraft:white_wool":6,"minecraft:cobblestone":80,"biomesoplenty:lavender":30,"minecraft:cooked_beef":5,"minecraft:glow_ink_sac":3,"minecraft:water_bucket":1,"minecraft:andesite":8,"minecraft:salmon":8,"minecraft:leather":4,"minecraft:brown_wool":2,"minecraft:potato":3,"minecraft:filled_map":1,"minecraft:birch_planks":4,"biomesoplenty:fir_log":17,"minecraft:flint":1,"minecraft:tuff":3,"evilcraft:flesh_humanoid":2,"minecraft:gunpowder":8,"minecraft:dirt":28,"minecraft:leather_boots":2,"minecraft:cooked_mutton":3,"minecraft:glass":10,"minecraft:bone":6,"travelersbackpack:backpack_tank":4,"minecraft:bow":1,"minecraft:wheat_seeds":30,"minecraft:raw_gold":15,"minecraft:stone_pickaxe":1,"biomesoplenty:toadstool":1,"minecraft:cooked_porkchop":1,"minecraft:pumpkin":8,"minecraft:sweet_berries":76,"minecraft:gravel":37,"minecraft:spyglass":1,"minecraft:raw_iron_block":1,"minecraft:lava_bucket":1,"minecraft:spruce_sapling":1,"minecraft:ink_sac":4,"minecraft:white_bed":2,"minecraft:dark_oak_log":7,"minecraft:spider_eye":1,"cataclysm:stone_tiles":3,"travelersbackpack:standard":1,"minecraft:polished_andesite":1,"minecraft:diamond":10,"minecraft:stone_axe":1,"evilcraft:dark_gem":23,"minecraft:iron_helmet":1,"minecraft:granite":1,"alexsmobs:maggot":2,"minecraft:baked_potato":1,"minecraft:jack_o_lantern":2,"evenmoreinstruments:guitar":2,"minecraft:coal":47,"minecraft:sunflower":2},"minecraft:custom":{"minecraft:interact_with_smithing_table":3,"minecraft:mob_kills":51,"minecraft:interact_with_crafting_table":46,"minecraft:open_barrel":4,"minecraft:leave_game":9,"minecraft:time_since_death":200086,"minecraft:sprint_one_cm":294576,"minecraft:walk_one_cm":731858,"minecraft:drop":82,"minecraft:play_time":238783,"minecraft:sneak_time":5164,"minecraft:deaths":3,"minecraft:walk_under_water_one_cm":73640,"minecraft:boat_one_cm":656845,"minecraft:jump":3786,"minecraft:walk_on_water_one_cm":60288,"minecraft:total_world_time":238783,"minecraft:interact_with_furnace":107,"minecraft:interact_with_loom":2,"minecraft:sleep_in_bed":2,"minecraft:time_since_rest":48761,"minecraft:damage_taken":4599,"minecraft:damage_absorbed":1062,"minecraft:damage_dealt":7179,"minecraft:player_kills":2,"minecraft:swim_one_cm":63693,"minecraft:fly_one_cm":391465,"minecraft:open_chest":35,"minecraft:crouch_one_cm":11223,"minecraft:interact_with_smoker":32,"minecraft:fall_one_cm":92884}},"DataVersion":3465}