{"stats":{"minecraft:used":{"minecraft:stone_sword":105,"minecraft:cooked_salmon":8,"minecraft:rotten_flesh":3,"minecraft:torch":45,"minecraft:dirt":13,"cataclysm:stone_tiles":3,"minecraft:dark_oak_planks":2,"minecraft:wooden_axe":45,"alexsmobs:maggot":2,"minecraft:lava_bucket":13,"minecraft:furnace":2,"minecraft:cooked_cod":2,"minecraft:cooked_beef":6,"minecraft:potato":2,"minecraft:cobbled_deepslate":9,"minecraft:cooked_mutton":12,"minecraft:wheat_seeds":1,"alexsmobs:cooked_catfish":3,"minecraft:baked_potato":8,"minecraft:stone_pickaxe":50,"minecraft:wooden_pickaxe":32,"biomesoplenty:fir_planks":23,"minecraft:leather_boots":2,"minecraft:sugar_cane":2,"cataclysm:stone_pillar":2,"minecraft:crafting_table":3,"minecraft:white_bed":1,"minecraft:diamond_pickaxe":15,"minecraft:bread":2,"minecraft:iron_pickaxe":46,"minecraft:stone_axe":48,"minecraft:wooden_sword":11,"minecraft:diamond_sword":28,"minecraft:cooked_porkchop":7,"minecraft:bucket":13,"minecraft:oak_boat":1,"minecraft:sea_pickle":9},"minecraft:mined":{"biomesoplenty:orange_autumn_leaves":64,"minecraft:white_bed":1,"minecraft:deepslate_diamond_ore":9,"minecraft:dark_oak_log":7,"minecraft:jack_o_lantern":1,"cataclysm:stone_tiles":3,"minecraft:carved_pumpkin":1,"gravestone:gravestone":3,"minecraft:grass_block":1,"cataclysm:stone_tile_stairs":1,"minecraft:spruce_leaves":2,"biomesoplenty:jacaranda_log":8,"minecraft:raw_iron_block":1,"minecraft:furnace":1,"biomesoplenty:toadstool":1,"minecraft:iron_ore":2,"minecraft:fire":3,"biomesoplenty:lavender":36,"minecraft:pumpkin":7,"minecraft:potatoes":1,"minecraft:deepslate_iron_ore":18,"minecraft:stone":39,"biomesoplenty:jacaranda_leaves":11,"minecraft:deepslate_redstone_ore":1,"minecraft:crafting_table":3,"minecraft:torch":3,"minecraft:tall_grass":1,"biomesoplenty:sprout":1,"minecraft:deepslate_gold_ore":15,"minecraft:sugar_cane":10,"minecraft:wall_torch":5,"biomesoplenty:yellow_autumn_leaves":1,"evilcraft:dark_ore_deepslate":3,"minecraft:birch_log":5,"minecraft:wheat":1,"minecraft:birch_leaves":1,"biomesoplenty:fir_log":16,"minecraft:grass":26,"minecraft:coal_ore":13,"biomesoplenty:fir_leaves":1,"minecraft:dirt":13,"minecraft:polished_andesite":1,"minecraft:oak_leaves":1,"minecraft:deepslate":30,"minecraft:fern":2},"minecraft:broken":{"minecraft:stone_axe":1,"minecraft:wooden_axe":1},"minecraft:dropped":{"minecraft:water_bucket":1,"minecraft:iron_ingot":1,"minecraft:wheat_seeds":1,"minecraft:baked_potato":1,"minecraft:glow_ink_sac":3,"minecraft:diamond":2,"minecraft:cobblestone":3,"minecraft:polished_andesite":1,"minecraft:dirt":1,"evenmoreinstruments:guitar":2,"minecraft:wooden_axe":1,"minecraft:brown_wool":2,"gravestone:obituary":6,"minecraft:wooden_sword":1,"minecraft:iron_pickaxe":1,"minecraft:spruce_sapling":1,"minecraft:redstone":10,"minecraft:bone":2,"biomesoplenty:toadstool":1,"minecraft:sugar_cane":8,"minecraft:cooked_chicken":1,"minecraft:stone_sword":1,"alexsmobs:animal_dictionary":1,"minecraft:rotten_flesh":8,"minecraft:light_gray_wool":2,"evilcraft:flesh_humanoid":2,"minecraft:filled_map":2,"biomesoplenty:fir_planks":8,"minecraft:oak_sapling":1,"minecraft:wooden_pickaxe":1,"minecraft:raw_gold":15},"minecraft:crafted":{"minecraft:wooden_sword":1,"minecraft:raw_iron":9,"minecraft:cooked_chicken":0,"minecraft:furnace":1,"minecraft:cooked_mutton":8,"minecraft:stone_pickaxe":1,"alexsmobs:cooked_catfish":2,"minecraft:dark_oak_planks":26,"evenmoreinstruments:guitar":1,"minecraft:cooked_beef":0,"minecraft:cooked_cod":2,"minecraft:diamond_sword":1,"biomesoplenty:jacaranda_planks":32,"minecraft:cooked_porkchop":5,"minecraft:crafting_table":1,"minecraft:wooden_pickaxe":1,"minecraft:baked_potato":8,"minecraft:cooked_salmon":8,"minecraft:bucket":1,"minecraft:birch_planks":20,"minecraft:stone_axe":1,"minecraft:bread":2,"minecraft:air":0,"biomesoplenty:fir_planks":60,"minecraft:diamond_pickaxe":1,"minecraft:stick":44,"minecraft:iron_ingot":4,"minecraft:iron_pickaxe":1,"minecraft:wooden_axe":1,"minecraft:stone_sword":2,"minecraft:white_bed":1,"minecraft:torch":60},"minecraft:killed":{"enemyexpansion:equestrian":1,"minecraft:spider":2,"enemyexpansion:direwolf":3,"minecraft:skeleton":5,"minecraft:chicken":1,"minecraft:pig":3,"minecraft:salmon":6,"minecraft:creeper":2,"minecraft:sheep":6,"minecraft:zombie":5,"enemyexpansion:vampire":1,"enemyexpansion:huntsman":1,"enemyexpansion:botfly":2,"alexsmobs:fly":1,"minecraft:cow":1},"minecraft:picked_up":{"minecraft:crafting_table":3,"minecraft:chicken":1,"cataclysm:stone_tile_stairs":1,"biomesoplenty:orange_autumn_sapling":3,"biomesoplenty:jacaranda_sapling":2,"gravestone:obituary":3,"alexsmobs:cooked_catfish":1,"minecraft:string":5,"minecraft:sea_pickle":9,"minecraft:tnt_minecart":1,"minecraft:cobbled_deepslate":35,"biomesoplenty:fir_planks":8,"minecraft:beef":3,"minecraft:calcite":2,"minecraft:oak_boat":2,"minecraft:light_gray_wool":2,"minecraft:sugar_cane":10,"minecraft:furnace":1,"minecraft:stick":3,"minecraft:raw_iron":21,"minecraft:torch":8,"minecraft:porkchop":5,"minecraft:redstone":10,"minecraft:arrow":9,"minecraft:rotten_flesh":11,"biomesoplenty:jacaranda_log":8,"minecraft:carved_pumpkin":2,"minecraft:mutton":11,"minecraft:cod":2,"cataclysm:stone_pillar":2,"minecraft:white_wool":2,"minecraft:cobblestone":41,"biomesoplenty:lavender":30,"minecraft:birch_log":5,"minecraft:glow_ink_sac":3,"minecraft:water_bucket":1,"minecraft:salmon":8,"minecraft:brown_wool":2,"minecraft:potato":3,"minecraft:filled_map":1,"minecraft:birch_planks":4,"biomesoplenty:fir_log":15,"evilcraft:flesh_humanoid":2,"minecraft:gunpowder":5,"minecraft:dirt":27,"minecraft:leather_boots":2,"minecraft:cooked_mutton":3,"minecraft:bone":6,"minecraft:wheat_seeds":3,"minecraft:raw_gold":15,"minecraft:stone_pickaxe":1,"biomesoplenty:toadstool":1,"minecraft:cooked_porkchop":1,"minecraft:pumpkin":8,"minecraft:lava_bucket":1,"minecraft:raw_iron_block":1,"minecraft:spruce_sapling":1,"minecraft:ink_sac":4,"minecraft:white_bed":1,"minecraft:spider_eye":1,"minecraft:dark_oak_log":7,"cataclysm:stone_tiles":3,"minecraft:polished_andesite":1,"minecraft:diamond":9,"minecraft:stone_axe":1,"evilcraft:dark_gem":14,"minecraft:baked_potato":1,"alexsmobs:maggot":2,"minecraft:jack_o_lantern":2,"evenmoreinstruments:guitar":1,"minecraft:coal":13},"minecraft:custom":{"minecraft:mob_kills":43,"minecraft:interact_with_crafting_table":24,"minecraft:leave_game":7,"minecraft:time_since_death":122372,"minecraft:sprint_one_cm":228420,"minecraft:walk_one_cm":492505,"minecraft:drop":57,"minecraft:play_time":161069,"minecraft:deaths":3,"minecraft:sneak_time":2437,"minecraft:walk_under_water_one_cm":51365,"minecraft:boat_one_cm":656845,"minecraft:jump":2529,"minecraft:walk_on_water_one_cm":34751,"minecraft:total_world_time":161069,"minecraft:interact_with_furnace":73,"minecraft:sleep_in_bed":1,"minecraft:time_since_rest":71691,"minecraft:damage_taken":3429,"minecraft:damage_absorbed":712,"minecraft:damage_dealt":5710,"minecraft:swim_one_cm":52794,"minecraft:player_kills":2,"minecraft:fly_one_cm":276998,"minecraft:open_chest":20,"minecraft:crouch_one_cm":6693,"minecraft:interact_with_smoker":28,"minecraft:fall_one_cm":64790}},"DataVersion":3465}