{"stats":{"minecraft:killed":{"minecraft:witch":1,"enemyexpansion:equestrian":1,"minecraft:spider":7,"minecraft:cod":12,"minecraft:skeleton":14,"alexsmobs:banana_slug":1,"minecraft:chicken":3,"minecraft:pig":4,"alexsmobs:grizzly_bear":1,"minecraft:salmon":15,"minecraft:creeper":4,"minecraft:sheep":6,"enemyexpansion:meature":1,"minecraft:zombie":23,"enemyexpansion:vampire":1,"enemyexpansion:botfly":7,"alexsmobs:fly":1,"minecraft:cow":1,"enemyexpansion:direwolf":3,"enemyexpansion:sprinter":1,"enemyexpansion:huntsman":1,"mca:female_villager":1},"minecraft:broken":{"minecraft:stone_pickaxe":2,"minecraft:stone_axe":1,"minecraft:wooden_axe":1,"minecraft:leather_chestplate":1,"minecraft:leather_boots":1},"minecraft:crafted":{"minecraft:cooked_chicken":3,"minecraft:cooked_mutton":8,"minecraft:glass":7,"minecraft:iron_boots":1,"minecraft:chest":1,"alexsmobs:cooked_catfish":2,"evenmoreinstruments:guitar":1,"minecraft:wooden_shovel":1,"biomesoplenty:jacaranda_planks":32,"minecraft:cooked_porkchop":8,"minecraft:crafting_table":4,"travelersbackpack:standard":1,"minecraft:baked_potato":8,"minecraft:wooden_pickaxe":1,"minecraft:birch_planks":20,"biomesoplenty:fir_planks":72,"travelersbackpack:emerald":1,"minecraft:diamond_pickaxe":1,"minecraft:stick":72,"minecraft:iron_pickaxe":1,"minecraft:iron_ingot":4,"minecraft:stone_sword":2,"minecraft:wooden_sword":1,"minecraft:raw_iron":9,"minecraft:furnace":2,"minecraft:flint_and_steel":1,"travelersbackpack:white_sleeping_bag":1,"minecraft:stone_pickaxe":2,"minecraft:dark_oak_planks":26,"minecraft:cooked_beef":6,"minecraft:cooked_cod":2,"minecraft:diamond_sword":1,"travelersbackpack:backpack_tank":2,"minecraft:cooked_salmon":8,"minecraft:bucket":2,"minecraft:stone_axe":1,"minecraft:bread":5,"minecraft:air":0,"minecraft:wooden_axe":1,"minecraft:iron_leggings":1,"minecraft:white_bed":1,"minecraft:torch":230},"minecraft:dropped":{"minecraft:iron_sword":1,"minecraft:cooked_beef":4,"minecraft:baked_potato":3,"minecraft:glow_ink_sac":3,"minecraft:diamond":2,"minecraft:cooked_porkchop":3,"travelersbackpack:standard":1,"minecraft:dirt":1,"evenmoreinstruments:guitar":3,"minecraft:jack_o_lantern":1,"gravestone:obituary":6,"minecraft:wooden_sword":1,"minecraft:sunflower":2,"minecraft:iron_pickaxe":1,"travelersbackpack:backpack_tank":4,"minecraft:gold_ingot":1,"minecraft:bone":2,"biomesoplenty:toadstool":1,"minecraft:sugar_cane":8,"minecraft:spyglass":1,"minecraft:cooked_chicken":1,"alexsmobs:animal_dictionary":1,"minecraft:wheat":3,"minecraft:rotten_flesh":11,"evilcraft:flesh_humanoid":2,"minecraft:poppy":1,"minecraft:gunpowder":7,"minecraft:arrow":7,"minecraft:water_bucket":1,"minecraft:iron_ingot":2,"minecraft:bread":1,"minecraft:wheat_seeds":17,"minecraft:lilac":6,"minecraft:mossy_cobblestone":12,"minecraft:feather":5,"minecraft:cobblestone":9,"minecraft:copper_ingot":3,"minecraft:stick":2,"minecraft:polished_andesite":1,"mca:book_romance":1,"minecraft:diorite":7,"minecraft:torch":1,"minecraft:wooden_axe":1,"minecraft:rose_bush":1,"minecraft:brown_wool":2,"minecraft:iron_leggings":1,"minecraft:spruce_sapling":1,"minecraft:dandelion":2,"minecraft:redstone":10,"minecraft:sweet_berries":15,"minecraft:stone_sword":1,"minecraft:raw_iron":3,"minecraft:light_gray_wool":2,"mca:potion_of_feminity":1,"minecraft:flint_and_steel":1,"minecraft:lily_of_the_valley":1,"minecraft:filled_map":2,"biomesoplenty:fir_planks":10,"aether:iron_gloves":2,"minecraft:iron_chestplate":2,"minecraft:andesite":1,"minecraft:oak_sapling":1,"minecraft:wooden_shovel":3,"minecraft:redstone_torch":1,"minecraft:spider_eye":2,"minecraft:bow":1,"minecraft:wooden_pickaxe":1,"minecraft:raw_gold":15},"minecraft:mined":{"minecraft:white_bed":2,"cataclysm:stone_tiles":3,"minecraft:carved_pumpkin":1,"minecraft:granite":3,"minecraft:grass_block":8,"minecraft:raw_iron_block":1,"minecraft:cobbled_deepslate":1,"minecraft:iron_ore":28,"minecraft:fire":9,"minecraft:barrel":1,"biomesoplenty:lavender":36,"minecraft:pumpkin":7,"minecraft:deepslate_lapis_ore":8,"biomesoplenty:jacaranda_leaves":11,"minecraft:deepslate_redstone_ore":1,"minecraft:kelp_plant":13,"minecraft:torch":4,"minecraft:cobblestone":4,"minecraft:sugar_cane":10,"minecraft:wall_torch":8,"mca:cross_headstone":1,"minecraft:birch_log":5,"evilcraft:dark_ore_deepslate":7,"minecraft:wheat":12,"minecraft:lilac":2,"minecraft:pumpkin_stem":1,"biomesoplenty:fir_log":34,"minecraft:grass":34,"minecraft:dirt":28,"travelersbackpack:emerald":1,"minecraft:oak_leaves":7,"minecraft:deepslate":102,"biomesoplenty:orange_autumn_leaves":64,"minecraft:tuff":13,"minecraft:deepslate_diamond_ore":9,"minecraft:dark_oak_log":7,"minecraft:jack_o_lantern":1,"gravestone:gravestone":3,"cataclysm:stone_tile_stairs":1,"minecraft:spruce_leaves":2,"minecraft:kelp":1,"biomesoplenty:jacaranda_log":8,"minecraft:furnace":3,"biomesoplenty:toadstool":1,"minecraft:andesite":9,"evilcraft:dark_ore":7,"minecraft:potatoes":1,"minecraft:deepslate_iron_ore":75,"minecraft:stone":141,"minecraft:glass_pane":2,"minecraft:crafting_table":4,"minecraft:rose_bush":2,"minecraft:tall_grass":1,"biomesoplenty:sprout":18,"minecraft:deepslate_gold_ore":40,"minecraft:diorite":14,"biomesoplenty:yellow_autumn_leaves":1,"minecraft:sweet_berry_bush":38,"minecraft:birch_leaves":1,"minecraft:coal_ore":98,"evilcraft:blood_stain":1,"biomesoplenty:fir_leaves":1,"minecraft:sunflower":2,"minecraft:gravel":38,"minecraft:polished_andesite":1,"minecraft:fern":5},"minecraft:custom":{"minecraft:animals_bred":1,"minecraft:interact_with_crafting_table":53,"minecraft:open_barrel":8,"minecraft:leave_game":10,"minecraft:time_since_death":310194,"minecraft:sprint_one_cm":382187,"minecraft:drop":143,"minecraft:talked_to_villager":16,"minecraft:play_time":348891,"minecraft:deaths":3,"minecraft:jump":5794,"minecraft:walk_on_water_one_cm":89034,"minecraft:interact_with_furnace":135,"minecraft:interact_with_loom":3,"minecraft:sleep_in_bed":8,"minecraft:damage_dealt":15696,"minecraft:player_kills":2,"minecraft:crouch_one_cm":29201,"minecraft:interact_with_smoker":32,"minecraft:interact_with_smithing_table":3,"minecraft:mob_kills":116,"minecraft:climb_one_cm":545,"minecraft:walk_one_cm":1218812,"minecraft:sneak_time":10637,"minecraft:walk_under_water_one_cm":106935,"minecraft:boat_one_cm":782262,"minecraft:total_world_time":348891,"minecraft:time_since_rest":18042,"minecraft:damage_taken":6753,"minecraft:damage_absorbed":1062,"minecraft:swim_one_cm":108415,"minecraft:fly_one_cm":537189,"minecraft:open_chest":43,"minecraft:fall_one_cm":141935},"minecraft:used":{"minecraft:rotten_flesh":3,"cataclysm:stone_tiles":3,"minecraft:tuff":3,"travelersbackpack:emerald":4,"minecraft:lava_bucket":25,"minecraft:bow":31,"minecraft:sweet_berries":98,"minecraft:furnace":4,"minecraft:cooked_cod":2,"minecraft:potato":2,"minecraft:diorite":9,"minecraft:stone_pickaxe":260,"minecraft:wooden_pickaxe":32,"biomesoplenty:fir_planks":23,"minecraft:sugar_cane":2,"minecraft:bread":37,"minecraft:gravel":7,"minecraft:diamond_sword":231,"minecraft:wooden_sword":11,"minecraft:andesite":8,"minecraft:oak_boat":1,"minecraft:rose_bush":2,"minecraft:stone_sword":105,"minecraft:flint_and_steel":26,"minecraft:armor_stand":2,"minecraft:wooden_shovel":41,"minecraft:cooked_salmon":8,"minecraft:cooked_chicken":2,"minecraft:torch":159,"minecraft:dirt":21,"minecraft:granite":2,"minecraft:wooden_axe":45,"minecraft:dark_oak_planks":13,"alexsmobs:maggot":2,"evilcraft:bucket_poison":7,"minecraft:barrel":1,"minecraft:cooked_beef":13,"minecraft:cobbled_deepslate":103,"minecraft:calcite":2,"minecraft:wheat_seeds":14,"minecraft:cooked_mutton":12,"minecraft:water_bucket":5,"alexsmobs:cooked_catfish":3,"minecraft:baked_potato":13,"minecraft:leather_boots":2,"cataclysm:stone_pillar":2,"minecraft:tnt":2,"minecraft:crafting_table":7,"minecraft:white_bed":2,"minecraft:diamond_pickaxe":245,"minecraft:iron_pickaxe":46,"minecraft:stone_axe":67,"minecraft:cobblestone":83,"travelersbackpack:standard":1,"minecraft:cooked_porkchop":10,"minecraft:bucket":39,"minecraft:pumpkin_pie":1,"minecraft:sea_pickle":9},"minecraft:picked_up":{"minecraft:iron_chestplate":2,"minecraft:wheat":10,"aether:iron_gloves":1,"biomesoplenty:orange_autumn_sapling":3,"travelersbackpack:emerald":1,"minecraft:string":12,"minecraft:iron_leggings":1,"minecraft:armor_stand":2,"minecraft:sea_pickle":9,"minecraft:tnt_minecart":1,"minecraft:cobbled_deepslate":160,"biomesoplenty:fir_planks":8,"minecraft:calcite":2,"minecraft:redstone_torch":1,"minecraft:rose_bush":3,"minecraft:wooden_shovel":2,"minecraft:furnace":3,"minecraft:stick":6,"minecraft:torch":20,"minecraft:porkchop":8,"minecraft:diorite":16,"minecraft:rotten_flesh":30,"minecraft:carved_pumpkin":2,"minecraft:cod":14,"cataclysm:stone_pillar":2,"minecraft:cobblestone":148,"biomesoplenty:lavender":30,"minecraft:birch_log":5,"minecraft:cooked_beef":7,"minecraft:feather":5,"minecraft:lilac":6,"minecraft:water_bucket":1,"minecraft:andesite":9,"minecraft:brown_wool":2,"minecraft:potato":3,"biomesoplenty:fir_log":33,"minecraft:flint":1,"minecraft:tuff":13,"evilcraft:flesh_humanoid":2,"minecraft:lapis_lazuli":50,"minecraft:dirt":55,"minecraft:leather_boots":2,"minecraft:glass":10,"minecraft:bone":12,"travelersbackpack:backpack_tank":4,"minecraft:bow":1,"minecraft:wheat_seeds":32,"minecraft:raw_gold":40,"biomesoplenty:toadstool":1,"minecraft:cooked_porkchop":3,"minecraft:ink_sac":6,"minecraft:lily_of_the_valley":1,"minecraft:mossy_cobblestone":12,"minecraft:dark_oak_log":7,"minecraft:barrel":1,"cataclysm:stone_tiles":3,"minecraft:polished_andesite":1,"minecraft:diamond":10,"minecraft:granite":3,"minecraft:bone_meal":1,"alexsmobs:maggot":2,"minecraft:jack_o_lantern":2,"minecraft:crafting_table":4,"minecraft:chicken":4,"cataclysm:stone_tile_stairs":1,"biomesoplenty:jacaranda_sapling":2,"gravestone:obituary":3,"alexsmobs:cooked_catfish":1,"minecraft:flint_and_steel":1,"minecraft:beef":9,"minecraft:oak_boat":2,"minecraft:poppy":1,"minecraft:light_gray_wool":2,"minecraft:sugar_cane":10,"minecraft:raw_iron":101,"minecraft:copper_ingot":3,"minecraft:redstone":10,"minecraft:tnt":2,"minecraft:arrow":38,"biomesoplenty:jacaranda_log":8,"minecraft:pumpkin_pie":1,"minecraft:gold_ingot":2,"minecraft:mutton":11,"minecraft:white_wool":6,"minecraft:glow_ink_sac":3,"minecraft:salmon":16,"minecraft:leather":4,"minecraft:filled_map":1,"minecraft:birch_planks":4,"minecraft:gunpowder":12,"minecraft:cooked_mutton":3,"minecraft:kelp":16,"minecraft:stone_pickaxe":1,"minecraft:iron_sword":1,"minecraft:pumpkin":8,"minecraft:sweet_berries":78,"minecraft:lava_bucket":1,"minecraft:dandelion":2,"minecraft:spyglass":1,"minecraft:raw_iron_block":1,"minecraft:gravel":37,"mca:potion_of_feminity":1,"minecraft:spruce_sapling":1,"minecraft:white_bed":2,"minecraft:spider_eye":2,"travelersbackpack:standard":1,"minecraft:stone_axe":2,"evilcraft:dark_gem":65,"minecraft:iron_helmet":1,"minecraft:baked_potato":3,"evenmoreinstruments:guitar":2,"minecraft:coal":107,"minecraft:sunflower":2}},"DataVersion":3465}