{"stats":{"minecraft:used":{"minecraft:wooden_axe":6,"minecraft:stone_sword":8,"minecraft:wooden_pickaxe":32,"minecraft:wooden_sword":11,"minecraft:cooked_porkchop":2},"minecraft:picked_up":{"minecraft:birch_log":5,"evilcraft:flesh_humanoid":1,"minecraft:dirt":9,"alexsmobs:maggot":2,"minecraft:cobblestone":30},"minecraft:dropped":{"alexsmobs:animal_dictionary":1,"minecraft:wooden_axe":1,"minecraft:oak_sapling":1,"minecraft:wooden_sword":1,"minecraft:wooden_pickaxe":1},"minecraft:mined":{"minecraft:birch_log":5,"minecraft:birch_leaves":1,"gravestone:gravestone":1,"minecraft:grass":5,"minecraft:dirt":9,"minecraft:stone":30,"minecraft:oak_leaves":1},"minecraft:crafted":{"minecraft:wooden_sword":1,"minecraft:cooked_porkchop":2,"minecraft:stick":12,"minecraft:wooden_pickaxe":1,"minecraft:stone_pickaxe":1,"minecraft:wooden_axe":1,"minecraft:stone_sword":1,"minecraft:birch_planks":20,"minecraft:stone_axe":1,"minecraft:air":0},"minecraft:custom":{"minecraft:time_since_rest":9370,"minecraft:sprint_one_cm":8459,"minecraft:interact_with_furnace":10,"minecraft:damage_taken":150,"minecraft:walk_one_cm":34282,"minecraft:mob_kills":3,"minecraft:drop":5,"minecraft:damage_dealt":410,"minecraft:interact_with_crafting_table":2,"minecraft:player_kills":2,"minecraft:fly_one_cm":6533,"minecraft:crouch_one_cm":804,"minecraft:play_time":9370,"minecraft:sneak_time":39,"minecraft:jump":56,"minecraft:leave_game":3,"minecraft:time_since_death":9370,"minecraft:total_world_time":9370,"minecraft:fall_one_cm":1312},"minecraft:killed":{"minecraft:zombie":1,"alexsmobs:fly":1,"enemyexpansion:direwolf":1}},"DataVersion":3465}