{"stats":{"minecraft:mined":{"minecraft:white_bed":1,"minecraft:jack_o_lantern":1,"cataclysm:stone_tiles":3,"minecraft:carved_pumpkin":1,"minecraft:crafting_table":2,"gravestone:gravestone":3,"cataclysm:stone_tile_stairs":1,"minecraft:grass_block":1,"minecraft:tall_grass":1,"biomesoplenty:sprout":1,"minecraft:sugar_cane":10,"biomesoplenty:toadstool":1,"biomesoplenty:yellow_autumn_leaves":1,"minecraft:birch_log":5,"minecraft:wheat":1,"minecraft:birch_leaves":1,"minecraft:pumpkin":7,"biomesoplenty:fir_log":16,"minecraft:grass":9,"minecraft:potatoes":1,"minecraft:coal_ore":13,"biomesoplenty:fir_leaves":1,"minecraft:dirt":13,"minecraft:polished_andesite":1,"minecraft:stone":38,"minecraft:oak_leaves":1,"minecraft:fern":2},"minecraft:used":{"minecraft:wheat_seeds":1,"alexsmobs:cooked_catfish":2,"minecraft:stone_sword":25,"minecraft:stone_pickaxe":27,"minecraft:baked_potato":2,"minecraft:wooden_pickaxe":32,"biomesoplenty:fir_planks":4,"minecraft:sugar_cane":2,"minecraft:cooked_salmon":8,"minecraft:leather_boots":2,"minecraft:rotten_flesh":3,"minecraft:torch":2,"minecraft:dirt":13,"cataclysm:stone_pillar":2,"minecraft:crafting_table":2,"cataclysm:stone_tiles":3,"minecraft:white_bed":1,"alexsmobs:maggot":2,"minecraft:wooden_axe":6,"minecraft:wooden_sword":11,"minecraft:stone_axe":48,"minecraft:cooked_porkchop":6,"minecraft:oak_boat":1,"minecraft:potato":2},"minecraft:broken":{"minecraft:stone_axe":1},"minecraft:dropped":{"biomesoplenty:toadstool":1,"minecraft:baked_potato":1,"alexsmobs:animal_dictionary":1,"minecraft:rotten_flesh":8,"evilcraft:flesh_humanoid":2,"minecraft:filled_map":1,"evenmoreinstruments:guitar":2,"minecraft:wooden_axe":1,"minecraft:oak_sapling":1,"gravestone:obituary":6,"minecraft:wooden_sword":1,"minecraft:wooden_pickaxe":1},"minecraft:crafted":{"evenmoreinstruments:guitar":1,"minecraft:wooden_sword":1,"minecraft:cooked_cod":2,"minecraft:cooked_porkchop":5,"minecraft:baked_potato":8,"minecraft:wooden_pickaxe":1,"minecraft:cooked_salmon":8,"minecraft:birch_planks":20,"minecraft:stone_axe":1,"minecraft:cooked_mutton":8,"minecraft:air":0,"biomesoplenty:fir_planks":60,"minecraft:stick":16,"minecraft:stone_pickaxe":1,"minecraft:wooden_axe":1,"minecraft:white_bed":1,"minecraft:stone_sword":2,"alexsmobs:cooked_catfish":2,"minecraft:torch":24},"minecraft:killed":{"minecraft:pig":2,"minecraft:salmon":6,"enemyexpansion:equestrian":1,"enemyexpansion:direwolf":1,"minecraft:creeper":1,"minecraft:sheep":4,"minecraft:zombie":4,"enemyexpansion:botfly":2,"alexsmobs:fly":1},"minecraft:picked_up":{"minecraft:birch_log":5,"minecraft:crafting_table":2,"cataclysm:stone_tile_stairs":1,"minecraft:salmon":8,"minecraft:brown_wool":2,"minecraft:birch_planks":4,"minecraft:potato":3,"minecraft:filled_map":1,"biomesoplenty:fir_log":15,"evilcraft:flesh_humanoid":2,"gravestone:obituary":3,"minecraft:gunpowder":1,"minecraft:string":2,"minecraft:dirt":27,"minecraft:leather_boots":2,"minecraft:cooked_mutton":2,"minecraft:bone":1,"minecraft:wheat_seeds":3,"minecraft:stone_pickaxe":1,"minecraft:oak_boat":2,"minecraft:sugar_cane":10,"biomesoplenty:toadstool":1,"minecraft:stick":1,"minecraft:cooked_porkchop":1,"minecraft:pumpkin":8,"minecraft:porkchop":3,"minecraft:white_bed":1,"minecraft:polished_andesite":1,"cataclysm:stone_tiles":3,"minecraft:arrow":1,"minecraft:rotten_flesh":11,"minecraft:stone_axe":1,"minecraft:carved_pumpkin":2,"minecraft:baked_potato":1,"alexsmobs:maggot":2,"minecraft:jack_o_lantern":2,"cataclysm:stone_pillar":2,"evenmoreinstruments:guitar":1,"minecraft:mutton":8,"minecraft:cod":2,"minecraft:coal":13,"minecraft:white_wool":2,"minecraft:cobblestone":40},"minecraft:custom":{"minecraft:interact_with_furnace":18,"minecraft:mob_kills":23,"minecraft:interact_with_crafting_table":9,"minecraft:leave_game":5,"minecraft:time_since_death":57291,"minecraft:sleep_in_bed":1,"minecraft:time_since_rest":6610,"minecraft:sprint_one_cm":106757,"minecraft:damage_absorbed":597,"minecraft:damage_taken":1803,"minecraft:walk_one_cm":242162,"minecraft:drop":20,"minecraft:damage_dealt":2208,"minecraft:swim_one_cm":40885,"minecraft:fly_one_cm":134325,"minecraft:player_kills":2,"minecraft:open_chest":18,"minecraft:crouch_one_cm":3179,"minecraft:play_time":95988,"minecraft:sneak_time":1061,"minecraft:deaths":3,"minecraft:walk_under_water_one_cm":36301,"minecraft:boat_one_cm":549447,"minecraft:jump":1142,"minecraft:walk_on_water_one_cm":22028,"minecraft:interact_with_smoker":28,"minecraft:total_world_time":95988,"minecraft:fall_one_cm":28981}},"DataVersion":3465}