{"stats":{"minecraft:used":{"alexsmobs:cooked_catfish":1,"minecraft:stone_sword":25,"minecraft:stone_pickaxe":19,"minecraft:wooden_pickaxe":32,"minecraft:leather_boots":1,"minecraft:rotten_flesh":2,"minecraft:torch":2,"minecraft:dirt":13,"minecraft:wooden_axe":6,"alexsmobs:maggot":2,"minecraft:wooden_sword":11,"minecraft:cooked_porkchop":6,"minecraft:oak_boat":1},"minecraft:picked_up":{"minecraft:birch_log":5,"minecraft:filled_map":1,"evilcraft:flesh_humanoid":2,"gravestone:obituary":3,"minecraft:gunpowder":1,"minecraft:dirt":26,"minecraft:leather_boots":1,"minecraft:cooked_mutton":2,"minecraft:bone":1,"minecraft:wheat_seeds":1,"minecraft:oak_boat":2,"minecraft:cooked_porkchop":1,"minecraft:pumpkin":8,"minecraft:porkchop":3,"minecraft:rotten_flesh":2,"minecraft:arrow":1,"minecraft:carved_pumpkin":1,"alexsmobs:maggot":2,"minecraft:jack_o_lantern":1,"minecraft:coal":13,"minecraft:cobblestone":36},"minecraft:dropped":{"alexsmobs:animal_dictionary":1,"evilcraft:flesh_humanoid":2,"minecraft:filled_map":1,"minecraft:wooden_axe":1,"minecraft:oak_sapling":1,"gravestone:obituary":4,"minecraft:wooden_sword":1,"minecraft:wooden_pickaxe":1},"minecraft:mined":{"minecraft:jack_o_lantern":1,"minecraft:carved_pumpkin":1,"gravestone:gravestone":2,"minecraft:grass_block":1,"minecraft:tall_grass":1,"biomesoplenty:sprout":1,"minecraft:birch_log":5,"biomesoplenty:yellow_autumn_leaves":1,"minecraft:birch_leaves":1,"minecraft:pumpkin":7,"minecraft:grass":6,"minecraft:coal_ore":13,"minecraft:dirt":12,"minecraft:stone":36,"minecraft:oak_leaves":1,"minecraft:fern":2},"minecraft:crafted":{"minecraft:wooden_sword":1,"minecraft:cooked_porkchop":5,"minecraft:wooden_pickaxe":1,"minecraft:birch_planks":20,"minecraft:stone_axe":1,"minecraft:air":0,"minecraft:stick":16,"minecraft:stone_pickaxe":1,"minecraft:wooden_axe":1,"minecraft:stone_sword":1,"alexsmobs:cooked_catfish":1,"minecraft:torch":24},"minecraft:custom":{"minecraft:interact_with_furnace":10,"minecraft:mob_kills":9,"minecraft:interact_with_crafting_table":3,"minecraft:leave_game":3,"minecraft:time_since_death":6673,"minecraft:time_since_rest":6702,"minecraft:walk_one_cm":150543,"minecraft:sprint_one_cm":66688,"minecraft:damage_taken":1160,"minecraft:damage_absorbed":582,"minecraft:drop":12,"minecraft:damage_dealt":1069,"minecraft:swim_one_cm":3011,"minecraft:fly_one_cm":52126,"minecraft:player_kills":2,"minecraft:crouch_one_cm":1395,"minecraft:play_time":45370,"minecraft:deaths":3,"minecraft:sneak_time":349,"minecraft:walk_under_water_one_cm":5611,"minecraft:boat_one_cm":170972,"minecraft:jump":460,"minecraft:walk_on_water_one_cm":3498,"minecraft:total_world_time":45370,"minecraft:interact_with_smoker":6,"minecraft:fall_one_cm":9682},"minecraft:killed":{"minecraft:pig":2,"enemyexpansion:equestrian":1,"enemyexpansion:direwolf":1,"minecraft:creeper":1,"minecraft:zombie":2,"alexsmobs:fly":1}},"DataVersion":3465}