{"stats":{"minecraft:killed":{"minecraft:spider":3,"alexsmobs:snow_leopard":1,"enemyexpansion:direwolf":1,"minecraft:skeleton":3,"minecraft:pig":4,"enemyexpansion:sprinter":3,"minecraft:creeper":2,"minecraft:zombie":2,"enemyexpansion:botfly":2,"minecraft:cow":6,"enemyexpansion:slugger":1},"minecraft:broken":{"minecraft:stone_pickaxe":4,"minecraft:iron_pickaxe":1},"minecraft:dropped":{"minecraft:wheat_seeds":1,"minecraft:tnt":1,"biomesoplenty:umbran_door":1,"minecraft:leather":5,"minecraft:granite":70,"minecraft:diorite":21,"mca:comb":2,"minecraft:wooden_hoe":2,"gravestone:obituary":1,"minecraft:sand":19,"minecraft:red_dye":12,"minecraft:string":3,"minecraft:white_wool":2,"minecraft:gold_ingot":7,"minecraft:gravel":1,"alexsmobs:maggot":1,"minecraft:stone_sword":1,"minecraft:raw_copper":2,"minecraft:rotten_flesh":1,"minecraft:white_bed":1,"minecraft:gunpowder":2,"minecraft:iron_chestplate":1,"minecraft:andesite":34,"minecraft:wooden_pickaxe":1,"minecraft:raw_gold":2},"minecraft:crafted":{"minecraft:oak_planks":44,"minecraft:stone_shovel":1,"minecraft:furnace":5,"ironfurnaces:iron_furnace":1,"shieldexp:iron_shield":1,"minecraft:glass":41,"minecraft:iron_boots":1,"minecraft:stone_pickaxe":6,"minecraft:chest":3,"biomesoplenty:umbran_planks":32,"minecraft:red_dye":4,"minecraft:cooked_porkchop":7,"minecraft:crafting_table":6,"minecraft:iron_helmet":1,"minecraft:spruce_planks":32,"travelersbackpack:backpack_tank":2,"minecraft:wooden_pickaxe":2,"minecraft:baked_potato":12,"travelersbackpack:standard":1,"minecraft:iron_sword":1,"minecraft:red_wool":2,"biomesoplenty:umbran_door":3,"minecraft:bucket":1,"minecraft:stone_axe":3,"minecraft:air":0,"travelersbackpack:red_sleeping_bag":1,"minecraft:wooden_hoe":1,"minecraft:iron_chestplate":1,"minecraft:stick":48,"minecraft:iron_ingot":88,"minecraft:iron_pickaxe":2,"minecraft:stone_sword":2,"minecraft:iron_leggings":1,"minecraft:redstone_torch":1,"minecraft:torch":48},"minecraft:mined":{"minecraft:granite":35,"minecraft:grass_block":6,"minecraft:spruce_leaves":2,"minecraft:sandstone":22,"minecraft:redstone_ore":3,"minecraft:furnace":3,"minecraft:cobbled_deepslate":2,"minecraft:iron_ore":86,"minecraft:andesite":38,"evilcraft:dark_ore":14,"minecraft:potatoes":6,"minecraft:dirt_path":2,"minecraft:stone":503,"biomesoplenty:umbran_door":1,"minecraft:powder_snow":12,"travelersbackpack:standard":1,"minecraft:crafting_table":7,"minecraft:torch":7,"minecraft:rose_bush":2,"minecraft:copper_ore":19,"minecraft:cobblestone":18,"biomesoplenty:sprout":2,"minecraft:lapis_ore":2,"minecraft:oak_planks":3,"minecraft:diorite":20,"minecraft:blue_bed":2,"minecraft:wall_torch":2,"minecraft:sweet_berry_bush":7,"minecraft:spruce_log":15,"biomesoplenty:maple_leaves":1,"biomesoplenty:umbran_log":8,"minecraft:grass":4,"minecraft:coal_ore":139,"minecraft:oak_log":11,"evilcraft:blood_stain":1,"biomesoplenty:fir_leaves":3,"minecraft:dirt":22,"minecraft:gravel":1,"minecraft:sand":42,"minecraft:oak_leaves":1,"minecraft:fern":2},"minecraft:custom":{"minecraft:mob_kills":29,"minecraft:interact_with_crafting_table":71,"minecraft:open_barrel":4,"minecraft:leave_game":4,"minecraft:time_since_death":141312,"minecraft:climb_one_cm":852,"minecraft:sprint_one_cm":336647,"minecraft:walk_one_cm":293710,"minecraft:drop":36,"minecraft:play_time":158503,"minecraft:deaths":1,"minecraft:sneak_time":1437,"minecraft:walk_under_water_one_cm":5974,"minecraft:jump":2389,"minecraft:walk_on_water_one_cm":24073,"minecraft:total_world_time":158503,"minecraft:interact_with_furnace":60,"minecraft:sleep_in_bed":6,"minecraft:time_since_rest":3646,"minecraft:damage_taken":1663,"minecraft:damage_dealt":4777,"minecraft:swim_one_cm":26608,"minecraft:fly_one_cm":557186,"minecraft:open_chest":33,"minecraft:crouch_one_cm":3127,"minecraft:fall_one_cm":69285},"minecraft:used":{"minecraft:stone_shovel":42,"minecraft:chest":2,"minecraft:iron_sword":91,"minecraft:rotten_flesh":21,"minecraft:torch":55,"minecraft:dirt":4,"minecraft:glass":3,"minecraft:dark_oak_planks":1,"ironfurnaces:iron_furnace":1,"minecraft:sweet_berries":20,"minecraft:furnace":6,"minecraft:cobblestone_stairs":1,"minecraft:oak_planks":4,"minecraft:stone_pickaxe":568,"minecraft:baked_potato":10,"minecraft:wooden_pickaxe":10,"minecraft:sand":1,"minecraft:crafting_table":12,"biomesoplenty:umbran_door":3,"minecraft:redstone_torch":1,"minecraft:bread":11,"minecraft:iron_pickaxe":344,"minecraft:stone_axe":41,"minecraft:cobblestone":201,"travelersbackpack:standard":2,"minecraft:cooked_porkchop":5,"minecraft:bucket":3},"minecraft:picked_up":{"minecraft:iron_chestplate":2,"minecraft:crafting_table":7,"minecraft:string":9,"minecraft:raw_copper":66,"minecraft:red_dye":14,"minecraft:rose_bush":2,"minecraft:chest":1,"minecraft:furnace":3,"minecraft:raw_iron":86,"minecraft:stick":7,"minecraft:sandstone":22,"minecraft:torch":13,"minecraft:porkchop":11,"minecraft:diorite":21,"minecraft:redstone":8,"minecraft:tnt":1,"minecraft:arrow":3,"minecraft:rotten_flesh":7,"minecraft:gold_ingot":14,"minecraft:white_wool":7,"minecraft:cobblestone":513,"minecraft:andesite":34,"minecraft:leather":10,"minecraft:potato":12,"biomesoplenty:umbran_door":1,"minecraft:oak_log":14,"minecraft:blue_bed":2,"minecraft:cobblestone_stairs":1,"minecraft:gunpowder":2,"minecraft:wooden_hoe":1,"minecraft:lapis_lazuli":13,"minecraft:dirt":86,"minecraft:bone":5,"minecraft:wheat_seeds":2,"minecraft:raw_gold":3,"biomesoplenty:umbran_log":8,"minecraft:oak_planks":3,"mca:comb":2,"minecraft:sweet_berries":27,"minecraft:gravel":1,"minecraft:sand":61,"minecraft:ink_sac":2,"minecraft:white_bed":1,"minecraft:spruce_log":15,"travelersbackpack:standard":1,"minecraft:pumpkin_seeds":1,"evilcraft:dark_gem":64,"minecraft:granite":70,"alexsmobs:maggot":1,"minecraft:coal":125},"minecraft:killed_by":{"minecraft:iron_golem":1}},"DataVersion":3465}