{"stats":{"minecraft:killed":{"minecraft:creeper":2,"minecraft:skeleton":3,"minecraft:zombie":2},"minecraft:dropped":{"minecraft:wooden_hoe":2},"minecraft:crafted":{"biomesoplenty:umbran_planks":32,"minecraft:oak_planks":44,"minecraft:crafting_table":2,"minecraft:wooden_pickaxe":2,"minecraft:baked_potato":12,"minecraft:iron_sword":1,"minecraft:furnace":2,"minecraft:stone_axe":3,"minecraft:air":0,"minecraft:iron_chestplate":1,"minecraft:wooden_hoe":1,"minecraft:stick":44,"minecraft:iron_ingot":23,"minecraft:iron_pickaxe":1,"minecraft:stone_pickaxe":6,"minecraft:stone_sword":2,"minecraft:iron_leggings":1,"minecraft:torch":48},"minecraft:broken":{"minecraft:stone_pickaxe":4},"minecraft:mined":{"minecraft:crafting_table":7,"minecraft:granite":28,"minecraft:grass_block":4,"minecraft:cobblestone":11,"biomesoplenty:sprout":2,"minecraft:lapis_ore":2,"minecraft:oak_planks":3,"minecraft:diorite":15,"minecraft:blue_bed":2,"minecraft:wall_torch":1,"minecraft:redstone_ore":3,"minecraft:furnace":2,"minecraft:iron_ore":32,"minecraft:sweet_berry_bush":2,"minecraft:andesite":37,"biomesoplenty:maple_leaves":1,"evilcraft:dark_ore":13,"biomesoplenty:umbran_log":8,"evilcraft:blood_stain":1,"minecraft:grass":3,"minecraft:oak_log":11,"minecraft:potatoes":6,"minecraft:coal_ore":76,"minecraft:dirt_path":2,"minecraft:dirt":21,"minecraft:stone":421,"minecraft:oak_leaves":1,"minecraft:fern":1},"minecraft:custom":{"minecraft:interact_with_furnace":23,"minecraft:mob_kills":7,"minecraft:interact_with_crafting_table":24,"minecraft:open_barrel":4,"minecraft:leave_game":2,"minecraft:time_since_death":39577,"minecraft:sleep_in_bed":2,"minecraft:climb_one_cm":852,"minecraft:time_since_rest":39605,"minecraft:sprint_one_cm":95610,"minecraft:damage_taken":808,"minecraft:walk_one_cm":121053,"minecraft:drop":2,"minecraft:damage_dealt":1673,"minecraft:swim_one_cm":2197,"minecraft:fly_one_cm":125384,"minecraft:open_chest":12,"minecraft:play_time":56768,"minecraft:crouch_one_cm":1837,"minecraft:deaths":1,"minecraft:sneak_time":819,"minecraft:walk_under_water_one_cm":1673,"minecraft:jump":601,"minecraft:walk_on_water_one_cm":10909,"minecraft:total_world_time":56768,"minecraft:fall_one_cm":14361},"minecraft:used":{"minecraft:cobblestone_stairs":1,"minecraft:stone_pickaxe":568,"minecraft:baked_potato":10,"minecraft:oak_planks":4,"minecraft:wooden_pickaxe":10,"minecraft:iron_sword":28,"minecraft:torch":26,"minecraft:dirt":4,"minecraft:crafting_table":8,"minecraft:dark_oak_planks":1,"minecraft:iron_pickaxe":73,"minecraft:stone_axe":18,"minecraft:cobblestone":24,"minecraft:sweet_berries":20,"minecraft:furnace":3},"minecraft:picked_up":{"minecraft:crafting_table":7,"minecraft:andesite":34,"minecraft:potato":12,"minecraft:oak_log":14,"minecraft:gunpowder":2,"minecraft:cobblestone_stairs":1,"minecraft:blue_bed":2,"minecraft:lapis_lazuli":13,"minecraft:wooden_hoe":1,"minecraft:dirt":37,"minecraft:raw_copper":3,"minecraft:bone":5,"minecraft:wheat_seeds":2,"biomesoplenty:umbran_log":8,"minecraft:oak_planks":3,"minecraft:furnace":2,"minecraft:raw_iron":32,"minecraft:stick":2,"minecraft:sweet_berries":16,"minecraft:torch":4,"minecraft:diorite":15,"minecraft:redstone":8,"minecraft:pumpkin_seeds":1,"minecraft:arrow":3,"minecraft:rotten_flesh":2,"evilcraft:dark_gem":58,"minecraft:granite":28,"minecraft:coal":63,"minecraft:cobblestone":425},"minecraft:killed_by":{"minecraft:iron_golem":1}},"DataVersion":3465}