{"stats":{"minecraft:dropped":{"minecraft:wooden_hoe":2},"minecraft:used":{"minecraft:cobblestone_stairs":1,"minecraft:stone_pickaxe":534,"minecraft:baked_potato":5,"minecraft:oak_planks":4,"minecraft:wooden_pickaxe":10,"minecraft:torch":17,"minecraft:dirt":4,"minecraft:crafting_table":8,"minecraft:dark_oak_planks":1,"minecraft:stone_axe":18,"minecraft:cobblestone":10,"minecraft:sweet_berries":20,"minecraft:furnace":2},"minecraft:broken":{"minecraft:stone_pickaxe":3},"minecraft:picked_up":{"minecraft:crafting_table":7,"minecraft:andesite":34,"minecraft:potato":12,"minecraft:oak_log":14,"minecraft:cobblestone_stairs":1,"minecraft:dirt":37,"minecraft:wooden_hoe":1,"minecraft:lapis_lazuli":13,"minecraft:blue_bed":2,"minecraft:wheat_seeds":2,"minecraft:oak_planks":3,"biomesoplenty:umbran_log":8,"minecraft:furnace":2,"minecraft:stick":2,"minecraft:raw_iron":17,"minecraft:sweet_berries":16,"minecraft:torch":4,"minecraft:diorite":15,"minecraft:pumpkin_seeds":1,"evilcraft:dark_gem":27,"minecraft:granite":28,"minecraft:coal":24,"minecraft:cobblestone":396},"minecraft:killed_by":{"minecraft:iron_golem":1},"minecraft:custom":{"minecraft:interact_with_furnace":13,"minecraft:interact_with_crafting_table":19,"minecraft:open_barrel":4,"minecraft:leave_game":2,"minecraft:time_since_death":27860,"minecraft:sleep_in_bed":2,"minecraft:climb_one_cm":852,"minecraft:time_since_rest":27888,"minecraft:sprint_one_cm":73462,"minecraft:damage_taken":624,"minecraft:walk_one_cm":85096,"minecraft:drop":2,"minecraft:damage_dealt":54,"minecraft:swim_one_cm":2197,"minecraft:fly_one_cm":101427,"minecraft:open_chest":12,"minecraft:crouch_one_cm":1183,"minecraft:play_time":45051,"minecraft:deaths":1,"minecraft:sneak_time":530,"minecraft:walk_under_water_one_cm":1601,"minecraft:jump":427,"minecraft:walk_on_water_one_cm":3171,"minecraft:total_world_time":45051,"minecraft:fall_one_cm":10912},"minecraft:crafted":{"biomesoplenty:umbran_planks":32,"minecraft:oak_planks":44,"minecraft:crafting_table":2,"minecraft:wooden_pickaxe":2,"minecraft:baked_potato":7,"minecraft:furnace":1,"minecraft:stone_axe":3,"minecraft:air":0,"minecraft:wooden_hoe":1,"minecraft:stick":40,"minecraft:iron_ingot":1,"minecraft:stone_pickaxe":5,"minecraft:stone_sword":2,"minecraft:torch":48},"minecraft:mined":{"minecraft:crafting_table":7,"minecraft:granite":28,"minecraft:grass_block":4,"minecraft:cobblestone":11,"biomesoplenty:sprout":2,"minecraft:lapis_ore":2,"minecraft:oak_planks":3,"minecraft:diorite":15,"minecraft:blue_bed":2,"minecraft:wall_torch":1,"minecraft:furnace":2,"minecraft:iron_ore":17,"minecraft:sweet_berry_bush":2,"minecraft:andesite":37,"biomesoplenty:maple_leaves":1,"evilcraft:dark_ore":6,"biomesoplenty:umbran_log":8,"minecraft:grass":3,"minecraft:oak_log":11,"minecraft:potatoes":6,"minecraft:coal_ore":24,"minecraft:dirt_path":2,"minecraft:dirt":21,"minecraft:stone":392,"minecraft:oak_leaves":1,"minecraft:fern":1}},"DataVersion":3465}