{"stats":{"minecraft:dropped":{"minecraft:wooden_hoe":2},"minecraft:used":{"minecraft:dark_oak_planks":1,"minecraft:cobblestone_stairs":1,"minecraft:stone_pickaxe":167,"minecraft:baked_potato":5,"minecraft:oak_planks":4,"minecraft:wooden_pickaxe":10,"minecraft:torch":4,"minecraft:stone_axe":15,"minecraft:dirt":4,"minecraft:cobblestone":9,"minecraft:sweet_berries":20,"minecraft:crafting_table":5,"minecraft:furnace":1},"minecraft:broken":{"minecraft:stone_pickaxe":1},"minecraft:picked_up":{"minecraft:stick":2,"minecraft:crafting_table":4,"minecraft:sweet_berries":16,"minecraft:andesite":15,"minecraft:torch":2,"minecraft:potato":12,"minecraft:oak_log":14,"minecraft:diorite":15,"minecraft:cobblestone_stairs":1,"minecraft:blue_bed":2,"minecraft:wooden_hoe":1,"minecraft:dirt":31,"minecraft:pumpkin_seeds":1,"minecraft:wheat_seeds":2,"minecraft:coal":24,"biomesoplenty:umbran_log":8,"minecraft:oak_planks":3,"minecraft:cobblestone":105,"minecraft:furnace":2},"minecraft:killed_by":{"minecraft:iron_golem":1},"minecraft:crafted":{"biomesoplenty:umbran_planks":32,"minecraft:oak_planks":44,"minecraft:wooden_hoe":1,"minecraft:crafting_table":2,"minecraft:stick":24,"minecraft:wooden_pickaxe":2,"minecraft:baked_potato":7,"minecraft:stone_pickaxe":2,"minecraft:stone_sword":2,"minecraft:torch":4,"minecraft:stone_axe":2,"minecraft:air":0},"minecraft:custom":{"minecraft:time_since_rest":15888,"minecraft:interact_with_furnace":11,"minecraft:sprint_one_cm":72248,"minecraft:damage_taken":624,"minecraft:walk_one_cm":61129,"minecraft:drop":2,"minecraft:damage_dealt":54,"minecraft:swim_one_cm":2197,"minecraft:interact_with_crafting_table":15,"minecraft:fly_one_cm":100757,"minecraft:open_barrel":4,"minecraft:open_chest":12,"minecraft:crouch_one_cm":726,"minecraft:play_time":33051,"minecraft:deaths":1,"minecraft:sneak_time":386,"minecraft:walk_under_water_one_cm":1484,"minecraft:jump":416,"minecraft:leave_game":2,"minecraft:walk_on_water_one_cm":3125,"minecraft:time_since_death":15860,"minecraft:sleep_in_bed":2,"minecraft:climb_one_cm":852,"minecraft:total_world_time":33051,"minecraft:fall_one_cm":10912},"minecraft:mined":{"minecraft:furnace":2,"minecraft:sweet_berry_bush":2,"minecraft:andesite":15,"biomesoplenty:maple_leaves":1,"biomesoplenty:umbran_log":8,"minecraft:crafting_table":4,"minecraft:grass":3,"minecraft:coal_ore":24,"minecraft:grass_block":4,"minecraft:potatoes":6,"minecraft:oak_log":11,"minecraft:dirt_path":2,"minecraft:dirt":15,"minecraft:cobblestone":11,"biomesoplenty:sprout":2,"minecraft:stone":103,"minecraft:oak_planks":3,"minecraft:diorite":15,"minecraft:oak_leaves":1,"minecraft:blue_bed":2,"minecraft:fern":1}},"DataVersion":3465}