{"stats":{"minecraft:used":{"minecraft:cooked_mutton":1,"minecraft:apple":1,"minecraft:stone_pickaxe":20,"minecraft:wooden_pickaxe":8,"minecraft:stone_axe":43,"minecraft:mutton":1,"minecraft:cobblestone":1},"minecraft:picked_up":{"biomesoplenty:toadstool":1,"minecraft:stick":2,"minecraft:pumpkin":7,"minecraft:andesite":10,"minecraft:oak_log":24,"evilcraft:flesh_humanoid":1,"alexsmobs:animal_dictionary":1,"minecraft:dirt":4,"minecraft:apple":1,"minecraft:wheat_seeds":1,"minecraft:carved_pumpkin":1,"minecraft:jack_o_lantern":1,"minecraft:oak_sapling":1,"minecraft:mutton":2,"minecraft:coal":9,"minecraft:white_wool":1,"minecraft:cobblestone":8},"minecraft:killed_by":{"minecraft:player":2},"minecraft:mined":{"biomesoplenty:toadstool":1,"minecraft:jack_o_lantern":1,"minecraft:andesite":11,"minecraft:pumpkin":10,"minecraft:carved_pumpkin":1,"gravestone:gravestone":1,"minecraft:grass":11,"minecraft:coal_ore":9,"minecraft:grass_block":1,"minecraft:oak_log":24,"minecraft:stone":8,"minecraft:oak_leaves":4},"minecraft:crafted":{"minecraft:oak_planks":20,"minecraft:stick":4,"minecraft:wooden_pickaxe":1,"minecraft:stone_pickaxe":1,"minecraft:stone_axe":1,"minecraft:cooked_mutton":1},"minecraft:custom":{"minecraft:time_since_rest":689,"minecraft:sprint_one_cm":55393,"minecraft:damage_absorbed":1737,"minecraft:damage_taken":765,"minecraft:walk_one_cm":125400,"minecraft:mob_kills":2,"minecraft:damage_dealt":428,"minecraft:swim_one_cm":5779,"minecraft:interact_with_crafting_table":3,"minecraft:fly_one_cm":34259,"minecraft:crouch_one_cm":1965,"minecraft:play_time":31847,"minecraft:deaths":3,"minecraft:sneak_time":407,"minecraft:walk_under_water_one_cm":1681,"minecraft:jump":374,"minecraft:leave_game":2,"minecraft:time_since_death":654,"minecraft:walk_on_water_one_cm":3166,"minecraft:interact_with_smoker":1,"minecraft:total_world_time":31847,"minecraft:fall_one_cm":7050},"minecraft:killed":{"minecraft:sheep":1,"alexsmobs:terrapin":1}},"DataVersion":3465}