{"stats":{"minecraft:used":{"minecraft:stone_sword":49,"minecraft:cooked_salmon":4,"minecraft:cooked_chicken":1,"minecraft:rotten_flesh":13,"minecraft:iron_chestplate":1,"minecraft:torch":44,"minecraft:spyglass":1,"minecraft:dirt":10,"minecraft:mutton":1,"minecraft:carrot":5,"minecraft:glass":3,"evilcraft:flesh_humanoid":3,"minecraft:furnace":1,"minecraft:cooked_beef":12,"minecraft:potato":9,"minecraft:iron_leggings":1,"minecraft:cooked_mutton":6,"minecraft:baked_potato":30,"minecraft:oak_planks":20,"minecraft:stone_pickaxe":47,"minecraft:wooden_pickaxe":8,"biomesoplenty:fir_planks":10,"minecraft:salmon":2,"minecraft:glow_berries":9,"minecraft:sand":3,"minecraft:tnt":4,"minecraft:crafting_table":1,"minecraft:smoker":1,"minecraft:diamond_pickaxe":66,"minecraft:apple":1,"minecraft:bread":9,"minecraft:iron_pickaxe":109,"minecraft:stone_axe":58,"minecraft:fishing_rod":20,"minecraft:cobblestone":27,"minecraft:cooked_porkchop":6,"minecraft:pumpkin_pie":1,"minecraft:oak_boat":2,"alexsmobs:animal_dictionary":9},"minecraft:mined":{"minecraft:tuff":7,"minecraft:mossy_cobblestone":2,"minecraft:deepslate_diamond_ore":10,"minecraft:jack_o_lantern":2,"minecraft:carved_pumpkin":1,"minecraft:obsidian":6,"gravestone:gravestone":6,"cataclysm:stone_pillar":4,"minecraft:grass_block":11,"cataclysm:chiseled_stone_brick_pillar":3,"minecraft:large_fern":1,"biomesoplenty:toadstool":2,"minecraft:fire":2,"minecraft:andesite":12,"minecraft:pumpkin":10,"minecraft:potatoes":26,"minecraft:deepslate_iron_ore":9,"minecraft:stone":9,"minecraft:smoker":1,"minecraft:torch":4,"minecraft:rose_bush":1,"minecraft:cobblestone":9,"biomesoplenty:sprout":5,"minecraft:deepslate_gold_ore":10,"minecraft:wall_torch":1,"minecraft:sea_pickle":1,"evilcraft:dark_ore_deepslate":5,"minecraft:wheat":10,"minecraft:tnt":5,"minecraft:grass":28,"minecraft:oak_log":24,"minecraft:coal_ore":26,"minecraft:sunflower":1,"minecraft:sand":22,"minecraft:dirt":5,"minecraft:oak_leaves":5,"minecraft:deepslate":59,"minecraft:fern":7},"minecraft:broken":{"minecraft:leather_leggings":1,"minecraft:leather_chestplate":1},"minecraft:dropped":{"minecraft:stone_hoe":1,"minecraft:birch_planks":4,"minecraft:wheat_seeds":2,"alexsmobs:banana_slug_slime":2,"minecraft:baked_potato":1,"minecraft:mossy_cobblestone":1,"minecraft:diamond":1,"minecraft:poisonous_potato":1,"minecraft:cobblestone":3,"minecraft:copper_ingot":5,"minecraft:stick":3,"minecraft:dirt":16,"minecraft:ink_sac":1,"evenmoreinstruments:guitar":2,"minecraft:rose_bush":3,"minecraft:jack_o_lantern":4,"minecraft:potion":1,"gravestone:obituary":6,"minecraft:pumpkin":30,"minecraft:iron_pickaxe":1,"minecraft:string":2,"minecraft:fishing_rod":1,"minecraft:white_wool":1,"minecraft:gold_ingot":8,"biomesoplenty:toadstool":4,"minecraft:stone_axe":2,"minecraft:sugar_cane":1,"alexsmobs:animal_dictionary":2,"minecraft:stone_sword":1,"minecraft:cobbled_deepslate":64,"cataclysm:chiseled_stone_brick_pillar":2,"minecraft:tuff":4,"minecraft:wheat":6,"minecraft:oak_planks":2,"evilcraft:flesh_humanoid":1,"minecraft:sea_pickle":1,"minecraft:gunpowder":7,"minecraft:diamond_pickaxe":2,"minecraft:andesite":11,"minecraft:leather_boots":1,"minecraft:carved_pumpkin":3,"minecraft:wooden_pickaxe":2,"minecraft:stone_pickaxe":3,"minecraft:bow":2,"minecraft:glass":4,"minecraft:nautilus_shell":1},"minecraft:crafted":{"minecraft:oak_planks":96,"minecraft:fishing_rod":1,"minecraft:furnace":1,"minecraft:cooked_mutton":1,"minecraft:glass":17,"minecraft:stone_pickaxe":1,"minecraft:cooked_porkchop":6,"minecraft:crafting_table":1,"travelersbackpack:backpack_tank":2,"minecraft:wooden_pickaxe":1,"minecraft:baked_potato":23,"minecraft:cooked_salmon":1,"minecraft:copper_ingot":2,"minecraft:stone_axe":1,"minecraft:bread":3,"minecraft:iron_chestplate":1,"minecraft:diamond_pickaxe":2,"minecraft:stick":16,"minecraft:iron_ingot":16,"minecraft:iron_pickaxe":1,"minecraft:gold_ingot":15,"minecraft:iron_leggings":1},"minecraft:killed":{"minecraft:skeleton":1,"alexsmobs:banana_slug":1,"minecraft:pig":4,"minecraft:creeper":2,"minecraft:sheep":4,"minecraft:zombie":4,"alexsmobs:terrapin":1,"minecraft:cow":2},"minecraft:killed_by":{"minecraft:player":2},"minecraft:picked_up":{"minecraft:fishing_rod":2,"minecraft:wheat":15,"minecraft:leather_leggings":1,"aether:iron_gloves":1,"minecraft:wooden_pickaxe":1,"minecraft:potion":1,"gravestone:obituary":1,"minecraft:amethyst_block":2,"minecraft:string":2,"minecraft:cooked_salmon":3,"minecraft:sea_pickle":1,"minecraft:cobbled_deepslate":132,"biomesoplenty:fir_planks":8,"minecraft:beef":4,"minecraft:redstone_torch":1,"minecraft:oak_boat":1,"minecraft:rose_bush":4,"minecraft:iron_pickaxe":2,"minecraft:sugar_cane":1,"minecraft:stick":4,"minecraft:raw_iron":13,"minecraft:copper_ingot":3,"minecraft:torch":5,"cataclysm:chiseled_stone_brick_pillar":2,"minecraft:porkchop":8,"minecraft:tnt":4,"minecraft:stone_sword":1,"minecraft:arrow":5,"minecraft:rotten_flesh":13,"minecraft:pumpkin_pie":1,"minecraft:carved_pumpkin":2,"minecraft:obsidian":3,"minecraft:mutton":5,"minecraft:cod":3,"minecraft:white_wool":4,"minecraft:cobblestone":26,"minecraft:nautilus_shell":1,"minecraft:leather_chestplate":1,"minecraft:lilac":9,"minecraft:cooked_beef":12,"minecraft:andesite":11,"minecraft:salmon":7,"minecraft:smoker":1,"minecraft:potato":34,"minecraft:filled_map":1,"minecraft:tuff":6,"minecraft:oak_log":25,"evilcraft:flesh_humanoid":4,"minecraft:gunpowder":6,"minecraft:dirt":13,"minecraft:cooked_mutton":3,"minecraft:glass":2,"minecraft:bone":10,"minecraft:apple":1,"minecraft:bow":2,"minecraft:wheat_seeds":4,"minecraft:raw_gold":10,"minecraft:iron_ingot":6,"minecraft:stone_pickaxe":2,"minecraft:cooked_chicken":1,"minecraft:stone_hoe":1,"biomesoplenty:toadstool":4,"minecraft:pumpkin":22,"minecraft:spyglass":1,"minecraft:poisonous_potato":1,"minecraft:sand":22,"minecraft:ink_sac":1,"alexsmobs:animal_dictionary":2,"minecraft:mossy_cobblestone":1,"minecraft:purple_bed":1,"minecraft:diamond":12,"minecraft:stone_axe":1,"evilcraft:dark_gem":15,"minecraft:bread":3,"alexsmobs:banana_slug_slime":2,"minecraft:baked_potato":8,"minecraft:jack_o_lantern":3,"minecraft:oak_sapling":1,"evenmoreinstruments:guitar":2,"minecraft:coal":27,"minecraft:diamond_pickaxe":2},"minecraft:custom":{"minecraft:mob_kills":20,"minecraft:interact_with_crafting_table":33,"minecraft:interact_with_campfire":7,"minecraft:leave_game":8,"minecraft:time_since_death":205081,"minecraft:climb_one_cm":705,"minecraft:sprint_one_cm":232006,"minecraft:walk_one_cm":925416,"minecraft:drop":77,"minecraft:play_time":257633,"minecraft:deaths":5,"minecraft:sneak_time":2614,"minecraft:walk_under_water_one_cm":52297,"minecraft:boat_one_cm":417771,"minecraft:jump":3043,"minecraft:walk_on_water_one_cm":83399,"minecraft:total_world_time":257633,"minecraft:interact_with_furnace":60,"minecraft:sleep_in_bed":3,"minecraft:time_since_rest":58971,"minecraft:damage_taken":5839,"minecraft:damage_absorbed":6886,"minecraft:damage_dealt":3571,"minecraft:swim_one_cm":47702,"minecraft:fly_one_cm":205869,"minecraft:open_chest":8,"minecraft:crouch_one_cm":6278,"minecraft:fish_caught":10,"minecraft:interact_with_smoker":22,"minecraft:fall_one_cm":65990}},"DataVersion":3465}