{"stats":{"minecraft:used":{"minecraft:cooked_mutton":3,"minecraft:apple":1,"minecraft:stone_pickaxe":21,"minecraft:wooden_pickaxe":8,"evilcraft:flesh_humanoid":3,"minecraft:rotten_flesh":1,"minecraft:stone_axe":58,"minecraft:cobblestone":2,"minecraft:dirt":9,"minecraft:mutton":1,"minecraft:cooked_beef":2},"minecraft:picked_up":{"biomesoplenty:toadstool":3,"minecraft:stick":2,"minecraft:wheat":1,"minecraft:leather_chestplate":1,"minecraft:cooked_beef":2,"minecraft:pumpkin":7,"minecraft:andesite":10,"minecraft:wooden_pickaxe":1,"minecraft:oak_log":24,"evilcraft:flesh_humanoid":4,"gravestone:obituary":1,"minecraft:dirt":9,"alexsmobs:animal_dictionary":1,"minecraft:string":2,"minecraft:rotten_flesh":3,"minecraft:apple":1,"minecraft:stone_axe":1,"minecraft:wheat_seeds":1,"minecraft:carved_pumpkin":1,"alexsmobs:banana_slug_slime":2,"minecraft:jack_o_lantern":2,"minecraft:oak_sapling":1,"minecraft:mutton":2,"minecraft:coal":9,"minecraft:white_wool":1,"minecraft:cobblestone":8},"minecraft:killed_by":{"minecraft:player":2},"minecraft:dropped":{"minecraft:stone_axe":2,"alexsmobs:banana_slug_slime":1,"minecraft:leather_boots":1,"minecraft:jack_o_lantern":2,"minecraft:carved_pumpkin":1,"gravestone:obituary":6,"minecraft:stone_pickaxe":1,"minecraft:wooden_pickaxe":1,"evilcraft:flesh_humanoid":1},"minecraft:mined":{"biomesoplenty:toadstool":2,"minecraft:jack_o_lantern":2,"minecraft:andesite":11,"minecraft:pumpkin":10,"minecraft:carved_pumpkin":1,"gravestone:gravestone":6,"minecraft:grass":18,"minecraft:grass_block":4,"minecraft:coal_ore":9,"minecraft:oak_log":24,"minecraft:dirt":3,"biomesoplenty:sprout":1,"minecraft:stone":8,"minecraft:oak_leaves":4,"minecraft:fern":3},"minecraft:crafted":{"minecraft:oak_planks":20,"minecraft:stick":4,"minecraft:wooden_pickaxe":1,"minecraft:stone_pickaxe":1,"minecraft:stone_axe":1,"minecraft:cooked_mutton":1},"minecraft:custom":{"minecraft:time_since_rest":6459,"minecraft:damage_absorbed":1838,"minecraft:damage_taken":1612,"minecraft:sprint_one_cm":70990,"minecraft:walk_one_cm":296158,"minecraft:mob_kills":3,"minecraft:drop":16,"minecraft:damage_dealt":613,"minecraft:interact_with_crafting_table":3,"minecraft:swim_one_cm":12264,"minecraft:fly_one_cm":42412,"minecraft:crouch_one_cm":2780,"minecraft:play_time":66792,"minecraft:deaths":5,"minecraft:sneak_time":701,"minecraft:walk_under_water_one_cm":8418,"minecraft:boat_one_cm":101261,"minecraft:jump":707,"minecraft:leave_game":3,"minecraft:time_since_death":14240,"minecraft:walk_on_water_one_cm":9901,"minecraft:total_world_time":66792,"minecraft:sleep_in_bed":1,"minecraft:interact_with_smoker":3,"minecraft:fall_one_cm":11699},"minecraft:killed":{"minecraft:sheep":1,"alexsmobs:banana_slug":1,"alexsmobs:terrapin":1}},"DataVersion":3465}