{"stats":{"minecraft:killed":{"minecraft:spider":2,"minecraft:skeleton":6,"alexsmobs:orca":1,"alexsmobs:banana_slug":1,"minecraft:pig":5,"minecraft:iron_golem":1,"minecraft:creeper":3,"minecraft:sheep":6,"minecraft:zombie":9,"alexsmobs:terrapin":1,"minecraft:cow":3},"minecraft:broken":{"minecraft:leather_leggings":1,"minecraft:leather_chestplate":1},"minecraft:crafted":{"minecraft:oak_planks":96,"minecraft:fishing_rod":1,"minecraft:cooked_chicken":1,"minecraft:furnace":1,"minecraft:cooked_mutton":1,"minecraft:glass":17,"travelersbackpack:white_sleeping_bag":1,"minecraft:iron_boots":1,"minecraft:stone_pickaxe":1,"minecraft:cooked_porkchop":6,"minecraft:crafting_table":1,"minecraft:dried_kelp":7,"travelersbackpack:backpack_tank":2,"minecraft:iron_helmet":1,"minecraft:wooden_pickaxe":1,"minecraft:baked_potato":23,"minecraft:cooked_salmon":1,"minecraft:copper_ingot":2,"minecraft:stone_axe":1,"minecraft:bread":8,"minecraft:iron_chestplate":1,"minecraft:diamond_pickaxe":2,"minecraft:stick":16,"minecraft:iron_ingot":42,"minecraft:iron_pickaxe":1,"minecraft:gold_ingot":15,"minecraft:iron_leggings":2,"minecraft:shears":1},"minecraft:dropped":{"minecraft:stone_hoe":1,"minecraft:birch_planks":4,"minecraft:wheat_seeds":54,"alexsmobs:banana_slug_slime":3,"minecraft:baked_potato":1,"minecraft:mossy_cobblestone":12,"minecraft:diamond":1,"minecraft:poisonous_potato":1,"minecraft:cobblestone":8,"minecraft:feather":1,"minecraft:copper_ingot":5,"minecraft:stick":3,"minecraft:dirt":16,"minecraft:grass":1,"minecraft:ink_sac":1,"minecraft:torch":1,"evenmoreinstruments:guitar":2,"minecraft:rose_bush":3,"minecraft:jack_o_lantern":5,"minecraft:potion":1,"minecraft:iron_leggings":3,"gravestone:obituary":6,"minecraft:pumpkin":30,"minecraft:sunflower":1,"minecraft:iron_pickaxe":1,"travelersbackpack:backpack_tank":2,"minecraft:string":2,"minecraft:fishing_rod":2,"minecraft:white_wool":3,"minecraft:gold_ingot":8,"minecraft:dandelion":1,"biomesoplenty:toadstool":4,"minecraft:stone_axe":2,"minecraft:sweet_berries":3,"minecraft:sugar_cane":1,"minecraft:stone_sword":2,"alexsmobs:animal_dictionary":2,"minecraft:cobbled_deepslate":64,"cataclysm:chiseled_stone_brick_pillar":2,"minecraft:raw_copper":2,"minecraft:tuff":10,"minecraft:wheat":7,"minecraft:raw_iron":1,"minecraft:oak_planks":2,"evilcraft:flesh_humanoid":1,"biomesoplenty:sprout":3,"minecraft:sea_pickle":1,"minecraft:gunpowder":7,"minecraft:iron_chestplate":1,"minecraft:diamond_pickaxe":3,"minecraft:andesite":11,"minecraft:mossy_stone_bricks":5,"minecraft:leather_boots":1,"minecraft:wooden_shovel":1,"minecraft:carved_pumpkin":3,"minecraft:redstone_torch":1,"minecraft:bow":2,"minecraft:glass":4,"minecraft:stone_pickaxe":4,"minecraft:wooden_pickaxe":2,"minecraft:nautilus_shell":1},"minecraft:mined":{"minecraft:tuff":13,"minecraft:mossy_cobblestone":2,"minecraft:deepslate_diamond_ore":10,"minecraft:jack_o_lantern":2,"minecraft:obsidian":6,"minecraft:carved_pumpkin":1,"cataclysm:stone_pillar":4,"gravestone:gravestone":6,"minecraft:grass_block":11,"cataclysm:chiseled_stone_brick_pillar":3,"minecraft:spruce_leaves":2,"minecraft:kelp":7,"minecraft:large_fern":1,"minecraft:tall_seagrass":7,"minecraft:furnace":1,"biomesoplenty:toadstool":2,"minecraft:fire":2,"minecraft:andesite":12,"minecraft:pumpkin":10,"minecraft:deepslate_lapis_ore":6,"minecraft:potatoes":27,"minecraft:deepslate_iron_ore":26,"minecraft:stone":46,"minecraft:kelp_plant":68,"minecraft:smoker":1,"travelersbackpack:standard":1,"minecraft:torch":5,"minecraft:rose_bush":1,"minecraft:copper_ore":1,"minecraft:cobblestone":11,"biomesoplenty:sprout":9,"minecraft:deepslate_gold_ore":11,"minecraft:sugar_cane":1,"minecraft:wall_torch":1,"minecraft:seagrass":3,"minecraft:purple_bed":1,"evilcraft:dark_ore_deepslate":5,"minecraft:sea_pickle":1,"minecraft:wheat":28,"minecraft:sweet_berry_bush":7,"minecraft:tnt":5,"minecraft:grass":34,"minecraft:coal_ore":26,"minecraft:oak_log":24,"minecraft:sand":22,"minecraft:sunflower":1,"minecraft:dirt":5,"minecraft:oak_leaves":5,"minecraft:deepslate":65,"minecraft:fern":8},"minecraft:custom":{"minecraft:mob_kills":41,"minecraft:interact_with_crafting_table":44,"minecraft:open_barrel":1,"minecraft:interact_with_campfire":13,"minecraft:leave_game":9,"minecraft:time_since_death":303902,"minecraft:climb_one_cm":705,"minecraft:sprint_one_cm":326763,"minecraft:walk_one_cm":1449224,"minecraft:drop":107,"minecraft:play_time":356454,"minecraft:sneak_time":6005,"minecraft:deaths":5,"minecraft:walk_under_water_one_cm":64595,"minecraft:boat_one_cm":417771,"minecraft:jump":4434,"minecraft:walk_on_water_one_cm":111941,"minecraft:total_world_time":356454,"minecraft:interact_with_furnace":84,"minecraft:interact_with_grindstone":1,"minecraft:sleep_in_bed":5,"minecraft:time_since_rest":18300,"minecraft:damage_taken":7731,"minecraft:damage_absorbed":6968,"minecraft:damage_dealt":7320,"minecraft:swim_one_cm":78156,"minecraft:fly_one_cm":281197,"minecraft:open_chest":15,"minecraft:crouch_one_cm":15598,"minecraft:fish_caught":10,"minecraft:interact_with_smoker":22,"minecraft:fall_one_cm":91298},"minecraft:used":{"minecraft:stone_sword":49,"minecraft:dried_kelp":20,"minecraft:iron_sword":32,"minecraft:cooked_salmon":4,"minecraft:cooked_chicken":2,"minecraft:rotten_flesh":23,"minecraft:iron_chestplate":2,"minecraft:torch":44,"minecraft:spyglass":13,"minecraft:dirt":10,"minecraft:mutton":1,"minecraft:carrot":8,"minecraft:glass":3,"minecraft:iron_helmet":1,"minecraft:iron_boots":1,"evilcraft:flesh_humanoid":3,"minecraft:bow":12,"minecraft:sweet_berries":22,"minecraft:furnace":2,"minecraft:egg":1,"minecraft:cooked_beef":22,"minecraft:potato":9,"minecraft:cobbled_deepslate":59,"minecraft:iron_leggings":2,"minecraft:cooked_mutton":9,"minecraft:baked_potato":36,"minecraft:oak_planks":20,"minecraft:stone_pickaxe":47,"minecraft:wooden_pickaxe":8,"biomesoplenty:fir_planks":10,"minecraft:salmon":2,"minecraft:glow_berries":9,"minecraft:sand":3,"minecraft:tnt":4,"minecraft:crafting_table":1,"minecraft:smoker":1,"minecraft:shears":2,"minecraft:diamond_pickaxe":233,"minecraft:apple":1,"minecraft:iron_pickaxe":109,"minecraft:bread":14,"minecraft:lilac":12,"minecraft:stone_axe":58,"minecraft:purple_bed":1,"minecraft:fishing_rod":20,"travelersbackpack:standard":1,"minecraft:cobblestone":27,"minecraft:cooked_porkchop":9,"minecraft:pumpkin_pie":1,"minecraft:oak_boat":2,"alexsmobs:animal_dictionary":9},"minecraft:picked_up":{"minecraft:fishing_rod":2,"minecraft:iron_chestplate":1,"minecraft:wheat":33,"minecraft:chicken":1,"minecraft:leather_leggings":1,"aether:iron_gloves":1,"minecraft:wooden_pickaxe":1,"minecraft:potion":1,"gravestone:obituary":1,"minecraft:amethyst_block":2,"minecraft:string":9,"minecraft:raw_copper":2,"minecraft:cooked_salmon":3,"minecraft:iron_leggings":2,"mca:potion_of_masculinity":1,"minecraft:sea_pickle":1,"minecraft:cobbled_deepslate":138,"biomesoplenty:fir_planks":8,"minecraft:beef":5,"minecraft:oak_boat":1,"minecraft:rose_bush":4,"minecraft:redstone_torch":1,"minecraft:wooden_shovel":1,"biomesoplenty:sprout":3,"minecraft:iron_pickaxe":2,"minecraft:sugar_cane":1,"minecraft:furnace":1,"minecraft:egg":1,"minecraft:stick":4,"minecraft:raw_iron":28,"minecraft:copper_ingot":3,"minecraft:torch":6,"cataclysm:chiseled_stone_brick_pillar":2,"minecraft:porkchop":10,"minecraft:dried_kelp":13,"minecraft:tnt":4,"minecraft:stone_sword":1,"minecraft:arrow":11,"minecraft:rotten_flesh":23,"minecraft:pumpkin_pie":1,"minecraft:carved_pumpkin":2,"minecraft:obsidian":3,"minecraft:mutton":8,"minecraft:cod":3,"minecraft:white_wool":6,"minecraft:cobblestone":59,"minecraft:nautilus_shell":1,"minecraft:leather_chestplate":1,"minecraft:cooked_beef":23,"minecraft:feather":1,"minecraft:lilac":12,"minecraft:salmon":7,"minecraft:andesite":11,"minecraft:leather":1,"minecraft:smoker":1,"minecraft:potato":34,"minecraft:filled_map":1,"minecraft:tuff":12,"minecraft:oak_log":25,"evilcraft:flesh_humanoid":4,"minecraft:gunpowder":7,"minecraft:lapis_lazuli":45,"minecraft:dirt":29,"minecraft:cooked_mutton":6,"minecraft:glass":2,"minecraft:bone":20,"minecraft:apple":1,"minecraft:kelp":376,"minecraft:bow":3,"minecraft:wheat_seeds":58,"minecraft:raw_gold":11,"minecraft:iron_ingot":9,"minecraft:stone_pickaxe":2,"minecraft:cooked_chicken":1,"minecraft:mossy_stone_bricks":5,"minecraft:iron_sword":1,"minecraft:stone_hoe":1,"biomesoplenty:toadstool":4,"minecraft:cooked_porkchop":3,"minecraft:pumpkin":22,"minecraft:sweet_berries":18,"minecraft:dandelion":1,"minecraft:spyglass":1,"minecraft:poisonous_potato":1,"mca:potion_of_feminity":1,"minecraft:sand":22,"minecraft:ink_sac":1,"alexsmobs:animal_dictionary":2,"minecraft:mossy_cobblestone":12,"travelersbackpack:standard":1,"minecraft:purple_bed":2,"minecraft:diamond":12,"minecraft:stone_axe":1,"evilcraft:dark_gem":15,"minecraft:grass":1,"minecraft:bread":3,"alexsmobs:banana_slug_slime":3,"minecraft:baked_potato":14,"minecraft:jack_o_lantern":4,"minecraft:oak_sapling":1,"evenmoreinstruments:guitar":2,"minecraft:coal":74,"minecraft:sunflower":1,"minecraft:diamond_pickaxe":3},"minecraft:killed_by":{"minecraft:player":2}},"DataVersion":3465}