{"stats":{"minecraft:mined":{"minecraft:smoker":1,"minecraft:jack_o_lantern":2,"minecraft:carved_pumpkin":1,"cataclysm:stone_pillar":4,"gravestone:gravestone":6,"minecraft:grass_block":11,"cataclysm:chiseled_stone_brick_pillar":3,"minecraft:cobblestone":1,"biomesoplenty:sprout":1,"biomesoplenty:toadstool":2,"minecraft:sea_pickle":1,"minecraft:andesite":11,"minecraft:pumpkin":10,"minecraft:grass":19,"minecraft:potatoes":26,"minecraft:oak_log":24,"minecraft:coal_ore":9,"minecraft:dirt":5,"minecraft:stone":8,"minecraft:deepslate":1,"minecraft:oak_leaves":4,"minecraft:fern":6},"minecraft:used":{"minecraft:cooked_mutton":3,"minecraft:stone_sword":14,"minecraft:stone_pickaxe":31,"minecraft:baked_potato":4,"minecraft:wooden_pickaxe":8,"minecraft:cooked_salmon":4,"minecraft:rotten_flesh":3,"minecraft:salmon":2,"minecraft:dirt":10,"minecraft:mutton":1,"minecraft:apple":1,"evilcraft:flesh_humanoid":3,"minecraft:stone_axe":58,"minecraft:fishing_rod":19,"minecraft:cobblestone":8,"minecraft:oak_boat":2,"minecraft:cooked_beef":2},"minecraft:dropped":{"biomesoplenty:toadstool":4,"minecraft:stone_axe":2,"minecraft:sugar_cane":1,"minecraft:birch_planks":4,"minecraft:wheat_seeds":2,"alexsmobs:banana_slug_slime":1,"minecraft:baked_potato":1,"minecraft:wheat":1,"minecraft:poisonous_potato":1,"evilcraft:flesh_humanoid":1,"minecraft:stick":1,"minecraft:ink_sac":1,"minecraft:leather_boots":1,"minecraft:jack_o_lantern":3,"minecraft:carved_pumpkin":2,"gravestone:obituary":6,"minecraft:pumpkin":15,"minecraft:wooden_pickaxe":1,"minecraft:stone_pickaxe":3,"minecraft:nautilus_shell":1,"minecraft:string":2,"minecraft:white_wool":1,"minecraft:fishing_rod":1},"minecraft:crafted":{"minecraft:oak_planks":20,"minecraft:fishing_rod":1,"minecraft:wooden_pickaxe":1,"minecraft:baked_potato":14,"minecraft:cooked_salmon":1,"minecraft:stone_axe":1,"minecraft:cooked_mutton":1,"minecraft:stick":8,"minecraft:stone_pickaxe":1},"minecraft:killed":{"minecraft:pig":1,"minecraft:sheep":1,"alexsmobs:banana_slug":1,"alexsmobs:terrapin":1},"minecraft:killed_by":{"minecraft:player":2},"minecraft:picked_up":{"minecraft:nautilus_shell":1,"minecraft:fishing_rod":2,"minecraft:wheat":2,"minecraft:leather_chestplate":1,"minecraft:cooked_beef":2,"minecraft:salmon":7,"minecraft:andesite":10,"minecraft:wooden_pickaxe":1,"minecraft:smoker":1,"minecraft:potato":27,"minecraft:potion":1,"minecraft:oak_log":24,"evilcraft:flesh_humanoid":4,"gravestone:obituary":1,"minecraft:dirt":13,"minecraft:string":2,"minecraft:cooked_salmon":3,"minecraft:bone":2,"minecraft:apple":1,"minecraft:sea_pickle":1,"minecraft:wheat_seeds":1,"minecraft:stone_pickaxe":2,"minecraft:oak_boat":1,"minecraft:sugar_cane":1,"biomesoplenty:toadstool":4,"minecraft:stick":2,"minecraft:pumpkin":22,"cataclysm:chiseled_stone_brick_pillar":2,"minecraft:poisonous_potato":1,"minecraft:porkchop":3,"minecraft:ink_sac":1,"alexsmobs:animal_dictionary":1,"minecraft:rotten_flesh":3,"minecraft:stone_axe":1,"minecraft:carved_pumpkin":2,"minecraft:oak_sapling":1,"alexsmobs:banana_slug_slime":2,"minecraft:jack_o_lantern":3,"evenmoreinstruments:guitar":1,"minecraft:mutton":2,"minecraft:cod":3,"minecraft:coal":10,"minecraft:white_wool":1,"minecraft:cobblestone":9},"minecraft:custom":{"minecraft:mob_kills":4,"minecraft:interact_with_crafting_table":4,"minecraft:leave_game":4,"minecraft:time_since_death":63852,"minecraft:sleep_in_bed":2,"minecraft:time_since_rest":19141,"minecraft:sprint_one_cm":81580,"minecraft:walk_one_cm":374902,"minecraft:damage_taken":2181,"minecraft:damage_absorbed":2023,"minecraft:drop":34,"minecraft:damage_dealt":1009,"minecraft:swim_one_cm":32629,"minecraft:fly_one_cm":54082,"minecraft:open_chest":4,"minecraft:crouch_one_cm":2883,"minecraft:play_time":116404,"minecraft:deaths":5,"minecraft:sneak_time":732,"minecraft:walk_under_water_one_cm":39640,"minecraft:boat_one_cm":417771,"minecraft:jump":1041,"minecraft:walk_on_water_one_cm":55949,"minecraft:interact_with_smoker":11,"minecraft:total_world_time":116404,"minecraft:fish_caught":10,"minecraft:fall_one_cm":18381}},"DataVersion":3465}