{"stats":{"minecraft:mined":{"minecraft:smoker":1,"minecraft:jack_o_lantern":2,"minecraft:carved_pumpkin":1,"cataclysm:stone_pillar":4,"gravestone:gravestone":6,"minecraft:grass_block":5,"cataclysm:chiseled_stone_brick_pillar":3,"minecraft:cobblestone":1,"biomesoplenty:sprout":1,"biomesoplenty:toadstool":2,"minecraft:sea_pickle":1,"minecraft:andesite":11,"minecraft:pumpkin":10,"minecraft:grass":18,"minecraft:potatoes":26,"minecraft:oak_log":24,"minecraft:coal_ore":9,"minecraft:dirt":3,"minecraft:stone":8,"minecraft:oak_leaves":4,"minecraft:fern":6},"minecraft:used":{"minecraft:cooked_mutton":3,"minecraft:stone_sword":12,"minecraft:stone_pickaxe":30,"minecraft:baked_potato":2,"minecraft:wooden_pickaxe":8,"minecraft:cooked_salmon":4,"minecraft:rotten_flesh":3,"minecraft:salmon":2,"minecraft:dirt":10,"minecraft:mutton":1,"minecraft:apple":1,"evilcraft:flesh_humanoid":3,"minecraft:stone_axe":58,"minecraft:fishing_rod":19,"minecraft:cobblestone":7,"minecraft:oak_boat":2,"minecraft:cooked_beef":2},"minecraft:dropped":{"biomesoplenty:toadstool":4,"minecraft:stone_axe":2,"minecraft:sugar_cane":1,"minecraft:birch_planks":4,"minecraft:wheat_seeds":2,"alexsmobs:banana_slug_slime":1,"minecraft:baked_potato":1,"minecraft:wheat":1,"minecraft:poisonous_potato":1,"evilcraft:flesh_humanoid":1,"minecraft:stick":1,"minecraft:ink_sac":1,"minecraft:leather_boots":1,"minecraft:jack_o_lantern":2,"minecraft:carved_pumpkin":1,"gravestone:obituary":6,"minecraft:wooden_pickaxe":1,"minecraft:stone_pickaxe":3,"minecraft:nautilus_shell":1,"minecraft:string":2,"minecraft:white_wool":1,"minecraft:fishing_rod":1},"minecraft:crafted":{"minecraft:oak_planks":20,"minecraft:fishing_rod":1,"minecraft:wooden_pickaxe":1,"minecraft:baked_potato":14,"minecraft:cooked_salmon":1,"minecraft:stone_axe":1,"minecraft:cooked_mutton":1,"minecraft:stick":8,"minecraft:stone_pickaxe":1},"minecraft:killed":{"minecraft:sheep":1,"alexsmobs:banana_slug":1,"alexsmobs:terrapin":1},"minecraft:killed_by":{"minecraft:player":2},"minecraft:picked_up":{"minecraft:nautilus_shell":1,"minecraft:fishing_rod":2,"minecraft:wheat":2,"minecraft:leather_chestplate":1,"minecraft:cooked_beef":2,"minecraft:salmon":7,"minecraft:andesite":10,"minecraft:wooden_pickaxe":1,"minecraft:smoker":1,"minecraft:potato":27,"minecraft:potion":1,"minecraft:oak_log":24,"evilcraft:flesh_humanoid":4,"gravestone:obituary":1,"minecraft:dirt":10,"minecraft:string":2,"minecraft:cooked_salmon":3,"minecraft:apple":1,"minecraft:sea_pickle":1,"minecraft:wheat_seeds":1,"minecraft:stone_pickaxe":2,"minecraft:oak_boat":1,"minecraft:sugar_cane":1,"biomesoplenty:toadstool":4,"minecraft:stick":2,"minecraft:pumpkin":7,"cataclysm:chiseled_stone_brick_pillar":2,"minecraft:poisonous_potato":1,"minecraft:ink_sac":1,"alexsmobs:animal_dictionary":1,"minecraft:rotten_flesh":3,"minecraft:stone_axe":1,"minecraft:carved_pumpkin":1,"minecraft:oak_sapling":1,"alexsmobs:banana_slug_slime":2,"minecraft:jack_o_lantern":2,"evenmoreinstruments:guitar":1,"minecraft:mutton":2,"minecraft:cod":3,"minecraft:coal":10,"minecraft:white_wool":1,"minecraft:cobblestone":9},"minecraft:custom":{"minecraft:mob_kills":3,"minecraft:interact_with_crafting_table":4,"minecraft:leave_game":4,"minecraft:time_since_death":51852,"minecraft:sleep_in_bed":2,"minecraft:time_since_rest":7141,"minecraft:sprint_one_cm":72371,"minecraft:walk_one_cm":352973,"minecraft:damage_taken":1968,"minecraft:damage_absorbed":2023,"minecraft:drop":31,"minecraft:damage_dealt":900,"minecraft:swim_one_cm":27736,"minecraft:fly_one_cm":46894,"minecraft:open_chest":3,"minecraft:crouch_one_cm":2883,"minecraft:play_time":104404,"minecraft:deaths":5,"minecraft:sneak_time":727,"minecraft:walk_under_water_one_cm":36987,"minecraft:boat_one_cm":290618,"minecraft:jump":943,"minecraft:walk_on_water_one_cm":46456,"minecraft:interact_with_smoker":11,"minecraft:total_world_time":104404,"minecraft:fish_caught":10,"minecraft:fall_one_cm":15749}},"DataVersion":3465}