{"stats":{"minecraft:used":{"minecraft:stone_sword":34,"minecraft:cooked_salmon":4,"minecraft:cooked_chicken":1,"minecraft:rotten_flesh":12,"minecraft:iron_chestplate":1,"minecraft:torch":44,"minecraft:dirt":10,"minecraft:mutton":1,"minecraft:carrot":5,"evilcraft:flesh_humanoid":3,"minecraft:furnace":1,"minecraft:cooked_beef":6,"minecraft:potato":8,"minecraft:iron_leggings":1,"minecraft:cooked_mutton":3,"minecraft:baked_potato":13,"minecraft:stone_pickaxe":47,"minecraft:wooden_pickaxe":8,"biomesoplenty:fir_planks":10,"minecraft:salmon":2,"minecraft:glow_berries":9,"minecraft:crafting_table":1,"minecraft:smoker":1,"minecraft:diamond_pickaxe":1,"minecraft:apple":1,"minecraft:bread":6,"minecraft:iron_pickaxe":109,"minecraft:stone_axe":58,"minecraft:fishing_rod":20,"minecraft:cobblestone":24,"minecraft:cooked_porkchop":3,"minecraft:oak_boat":2,"alexsmobs:animal_dictionary":9},"minecraft:mined":{"minecraft:tuff":7,"minecraft:deepslate_diamond_ore":10,"minecraft:jack_o_lantern":2,"minecraft:carved_pumpkin":1,"gravestone:gravestone":6,"cataclysm:stone_pillar":4,"minecraft:grass_block":11,"cataclysm:chiseled_stone_brick_pillar":3,"biomesoplenty:toadstool":2,"minecraft:fire":2,"minecraft:andesite":11,"minecraft:pumpkin":10,"minecraft:potatoes":26,"minecraft:deepslate_iron_ore":9,"minecraft:stone":8,"minecraft:smoker":1,"minecraft:torch":4,"minecraft:cobblestone":7,"biomesoplenty:sprout":1,"minecraft:deepslate_gold_ore":10,"minecraft:wall_torch":1,"minecraft:sea_pickle":1,"evilcraft:dark_ore_deepslate":5,"minecraft:grass":19,"minecraft:oak_log":24,"minecraft:coal_ore":9,"minecraft:dirt":5,"minecraft:oak_leaves":4,"minecraft:deepslate":55,"minecraft:fern":6},"minecraft:broken":{"minecraft:leather_leggings":1,"minecraft:leather_chestplate":1},"minecraft:dropped":{"minecraft:birch_planks":4,"minecraft:wheat_seeds":2,"alexsmobs:banana_slug_slime":2,"minecraft:baked_potato":1,"minecraft:diamond":1,"minecraft:poisonous_potato":1,"minecraft:stick":1,"minecraft:dirt":16,"minecraft:ink_sac":1,"minecraft:jack_o_lantern":4,"minecraft:potion":1,"gravestone:obituary":6,"minecraft:pumpkin":30,"minecraft:iron_pickaxe":1,"minecraft:string":2,"minecraft:fishing_rod":1,"minecraft:white_wool":1,"minecraft:gold_ingot":8,"biomesoplenty:toadstool":4,"minecraft:stone_axe":2,"minecraft:sugar_cane":1,"alexsmobs:animal_dictionary":1,"cataclysm:chiseled_stone_brick_pillar":2,"minecraft:tuff":1,"minecraft:wheat":2,"minecraft:oak_planks":2,"evilcraft:flesh_humanoid":1,"minecraft:sea_pickle":1,"minecraft:gunpowder":1,"minecraft:leather_boots":1,"minecraft:carved_pumpkin":3,"minecraft:wooden_pickaxe":2,"minecraft:glass":2,"minecraft:stone_pickaxe":3,"minecraft:nautilus_shell":1},"minecraft:crafted":{"minecraft:oak_planks":84,"minecraft:fishing_rod":1,"minecraft:furnace":1,"minecraft:cooked_mutton":1,"minecraft:stone_pickaxe":1,"minecraft:cooked_porkchop":3,"minecraft:crafting_table":1,"minecraft:wooden_pickaxe":1,"minecraft:baked_potato":14,"minecraft:cooked_salmon":1,"minecraft:stone_axe":1,"minecraft:iron_chestplate":1,"minecraft:diamond_pickaxe":2,"minecraft:stick":16,"minecraft:iron_ingot":16,"minecraft:iron_pickaxe":1,"minecraft:gold_ingot":8,"minecraft:iron_leggings":1},"minecraft:killed":{"minecraft:skeleton":1,"alexsmobs:banana_slug":1,"minecraft:pig":1,"minecraft:creeper":2,"minecraft:sheep":1,"minecraft:zombie":4,"alexsmobs:terrapin":1},"minecraft:killed_by":{"minecraft:player":2},"minecraft:picked_up":{"minecraft:fishing_rod":2,"minecraft:wheat":2,"minecraft:leather_leggings":1,"minecraft:wooden_pickaxe":1,"minecraft:potion":1,"gravestone:obituary":1,"minecraft:amethyst_block":2,"minecraft:string":2,"minecraft:cooked_salmon":3,"minecraft:sea_pickle":1,"minecraft:cobbled_deepslate":63,"biomesoplenty:fir_planks":8,"minecraft:oak_boat":1,"minecraft:iron_pickaxe":2,"minecraft:sugar_cane":1,"minecraft:stick":2,"minecraft:raw_iron":12,"minecraft:torch":5,"cataclysm:chiseled_stone_brick_pillar":2,"minecraft:porkchop":3,"minecraft:arrow":4,"minecraft:stone_sword":1,"minecraft:rotten_flesh":12,"minecraft:carved_pumpkin":2,"minecraft:mutton":2,"minecraft:cod":3,"minecraft:white_wool":1,"minecraft:cobblestone":15,"minecraft:nautilus_shell":1,"minecraft:leather_chestplate":1,"minecraft:cooked_beef":8,"minecraft:andesite":11,"minecraft:salmon":7,"minecraft:smoker":1,"minecraft:potato":27,"minecraft:filled_map":1,"minecraft:tuff":6,"minecraft:oak_log":24,"evilcraft:flesh_humanoid":4,"minecraft:gunpowder":3,"minecraft:dirt":13,"minecraft:glass":2,"minecraft:bone":7,"minecraft:apple":1,"minecraft:bow":1,"minecraft:wheat_seeds":1,"minecraft:raw_gold":10,"minecraft:iron_ingot":5,"minecraft:stone_pickaxe":2,"minecraft:cooked_chicken":1,"minecraft:stone_hoe":1,"biomesoplenty:toadstool":4,"minecraft:pumpkin":22,"minecraft:poisonous_potato":1,"minecraft:ink_sac":1,"alexsmobs:animal_dictionary":2,"minecraft:diamond":11,"minecraft:stone_axe":1,"evilcraft:dark_gem":15,"minecraft:bread":3,"minecraft:oak_sapling":1,"alexsmobs:banana_slug_slime":2,"minecraft:jack_o_lantern":3,"evenmoreinstruments:guitar":1,"minecraft:coal":10},"minecraft:custom":{"minecraft:mob_kills":12,"minecraft:interact_with_crafting_table":22,"minecraft:leave_game":5,"minecraft:time_since_death":128819,"minecraft:climb_one_cm":705,"minecraft:sprint_one_cm":163757,"minecraft:walk_one_cm":643110,"minecraft:drop":52,"minecraft:play_time":181371,"minecraft:deaths":5,"minecraft:sneak_time":732,"minecraft:walk_under_water_one_cm":39698,"minecraft:boat_one_cm":417771,"minecraft:jump":2053,"minecraft:walk_on_water_one_cm":65003,"minecraft:total_world_time":181371,"minecraft:interact_with_furnace":32,"minecraft:sleep_in_bed":2,"minecraft:time_since_rest":84108,"minecraft:damage_taken":3741,"minecraft:damage_absorbed":5242,"minecraft:damage_dealt":2588,"minecraft:swim_one_cm":32629,"minecraft:fly_one_cm":127007,"minecraft:open_chest":4,"minecraft:crouch_one_cm":3052,"minecraft:interact_with_smoker":14,"minecraft:fish_caught":10,"minecraft:fall_one_cm":42057}},"DataVersion":3465}