{"stats":{"minecraft:used":{"minecraft:stone_sword":68,"true_herobrine:herobrine_spawn_egg":2,"minecraft:stone_pickaxe":36,"minecraft:wooden_pickaxe":27,"evenmoreinstruments:keyboard":2,"minecraft:rotten_flesh":4,"minecraft:torch":2,"minecraft:dirt":11,"minecraft:sand":10,"minecraft:crafting_table":2,"minecraft:smoker":2,"minecraft:apple":2,"minecraft:stone_axe":67,"minecraft:furnace":1,"minecraft:cooked_porkchop":2,"minecraft:cooked_beef":2},"minecraft:picked_up":{"minecraft:wooden_axe":1,"minecraft:crafting_table":1,"minecraft:leather":2,"minecraft:wooden_pickaxe":1,"minecraft:smoker":2,"enemyexpansion:wasp_thorax":1,"minecraft:oak_log":38,"minecraft:dirt":35,"minecraft:string":2,"minecraft:wooden_sword":1,"minecraft:bone":3,"minecraft:apple":2,"minecraft:beef":5,"minecraft:sugar_cane":11,"biomesoplenty:toadstool":3,"minecraft:stick":5,"minecraft:pumpkin":12,"minecraft:torch":1,"minecraft:porkchop":9,"minecraft:sand":7,"minecraft:spruce_log":7,"minecraft:spider_eye":2,"alexsmobs:raw_catfish":1,"minecraft:arrow":2,"minecraft:rotten_flesh":7,"minecraft:jack_o_lantern":1,"minecraft:oak_sapling":5,"minecraft:coal":31,"minecraft:mutton":6,"minecraft:cobblestone":35,"minecraft:white_wool":4},"minecraft:dropped":{"minecraft:rotten_flesh":3,"minecraft:sand":10},"minecraft:mined":{"minecraft:smoker":2,"minecraft:jack_o_lantern":1,"minecraft:crafting_table":1,"minecraft:torch":1,"minecraft:grass_block":7,"minecraft:spruce_leaves":1,"minecraft:sugar_cane":7,"biomesoplenty:toadstool":3,"minecraft:spruce_log":7,"minecraft:pumpkin":10,"minecraft:grass":6,"minecraft:coal_ore":26,"minecraft:oak_log":38,"minecraft:dirt":9,"biomesoplenty:barley":3,"minecraft:stone":35,"minecraft:oak_leaves":19},"minecraft:crafted":{"minecraft:cooked_beef":5,"minecraft:oak_planks":48,"minecraft:cooked_porkchop":6,"minecraft:crafting_table":2,"minecraft:wooden_pickaxe":1,"minecraft:furnace":2,"minecraft:stone_axe":1,"minecraft:cooked_mutton":6,"minecraft:air":0,"minecraft:stick":16,"minecraft:stone_pickaxe":1,"minecraft:stone_sword":1,"minecraft:torch":24,"minecraft:smoker":1},"minecraft:custom":{"minecraft:interact_with_furnace":12,"minecraft:mob_kills":28,"minecraft:interact_with_crafting_table":8,"minecraft:leave_game":4,"minecraft:time_since_death":40933,"minecraft:time_since_rest":40933,"minecraft:sprint_one_cm":78271,"minecraft:damage_taken":300,"minecraft:walk_one_cm":110874,"minecraft:drop":13,"minecraft:damage_dealt":3814,"minecraft:swim_one_cm":1094,"minecraft:fly_one_cm":125280,"minecraft:crouch_one_cm":898,"minecraft:play_time":40933,"minecraft:sneak_time":213,"minecraft:walk_under_water_one_cm":2447,"minecraft:jump":638,"minecraft:walk_on_water_one_cm":1452,"minecraft:total_world_time":40933,"minecraft:interact_with_smoker":8,"minecraft:fall_one_cm":9105},"minecraft:killed":{"minecraft:pig":5,"minecraft:spider":2,"enemyexpansion:direwolf":3,"minecraft:sheep":4,"minecraft:skeleton":2,"alexsmobs:catfish":2,"minecraft:zombie":5,"alexsmobs:terrapin":1,"alexsmobs:fly":1,"enemyexpansion:wasp":1,"minecraft:cow":2}},"DataVersion":3465}