{"stats":{"minecraft:mined":{"minecraft:tuff":4,"minecraft:white_bed":3,"minecraft:deepslate_diamond_ore":2,"minecraft:jack_o_lantern":1,"minecraft:carved_pumpkin":1,"gravestone:gravestone":3,"minecraft:grass_block":73,"minecraft:spruce_leaves":1,"minecraft:chiseled_stone_bricks":1,"biomesoplenty:tall_lavender":1,"minecraft:furnace":3,"ironfurnaces:gold_furnace":1,"biomesoplenty:toadstool":5,"minecraft:iron_ore":33,"minecraft:fire":4,"biomesoplenty:lavender":2,"minecraft:andesite":1,"minecraft:pumpkin":10,"evilcraft:dark_ore":3,"minecraft:deepslate_lapis_ore":4,"minecraft:potatoes":39,"minecraft:deepslate_iron_ore":24,"biomesoplenty:barley":3,"minecraft:stone":71,"minecraft:deepslate_redstone_ore":8,"minecraft:brown_mushroom":2,"minecraft:smoker":7,"minecraft:crafting_table":5,"ironfurnaces:copper_furnace":1,"minecraft:torch":4,"minecraft:copper_ore":7,"minecraft:tall_grass":1,"biomesoplenty:sprout":3,"minecraft:lapis_ore":5,"minecraft:deepslate_gold_ore":11,"minecraft:sugar_cane":25,"minecraft:diorite":1,"minecraft:wall_torch":3,"evilcraft:dark_ore_deepslate":1,"minecraft:sea_pickle":3,"minecraft:wheat":4,"minecraft:spruce_log":7,"minecraft:grass":53,"minecraft:oak_log":38,"minecraft:coal_ore":58,"minecraft:dirt":26,"minecraft:oak_leaves":19,"minecraft:deepslate":12,"minecraft:fern":11},"minecraft:used":{"ironfurnaces:gold_furnace":1,"ironfurnaces:copper_furnace":2,"minecraft:stone_sword":185,"true_herobrine:herobrine_spawn_egg":3,"minecraft:stone_shovel":83,"minecraft:chest":1,"minecraft:shield":1,"minecraft:iron_sword":35,"evenmoreinstruments:keyboard":2,"minecraft:cooked_salmon":7,"minecraft:stone_hoe":66,"minecraft:rotten_flesh":7,"minecraft:torch":57,"minecraft:dirt":83,"minecraft:lava_bucket":1,"minecraft:iron_helmet":1,"minecraft:oak_sapling":5,"minecraft:furnace":4,"minecraft:cooked_cod":4,"minecraft:cooked_beef":4,"minecraft:potato":75,"minecraft:cooked_mutton":6,"minecraft:wheat_seeds":9,"alexsmobs:cooked_catfish":1,"minecraft:diorite":1,"minecraft:leather_leggings":1,"minecraft:oak_planks":4,"minecraft:stone_pickaxe":131,"minecraft:wooden_pickaxe":28,"minecraft:leather_chestplate":1,"minecraft:sugar_cane":13,"minecraft:sand":10,"minecraft:crafting_table":9,"minecraft:white_bed":3,"minecraft:smoker":8,"minecraft:apple":2,"minecraft:bread":1,"minecraft:iron_pickaxe":104,"minecraft:stone_axe":95,"minecraft:fishing_rod":10,"minecraft:cobblestone":15,"minecraft:cooked_porkchop":15,"minecraft:bucket":5,"minecraft:oak_boat":7,"alexsmobs:animal_dictionary":1,"minecraft:bone_meal":45},"minecraft:dropped":{"minecraft:stone_hoe":1,"minecraft:water_bucket":1,"minecraft:bread":3,"minecraft:wheat_seeds":1,"alexsmobs:banana_slug_slime":5,"minecraft:cooked_beef":2,"minecraft:crafting_table":2,"minecraft:cooked_porkchop":1,"minecraft:poisonous_potato":1,"minecraft:cobblestone":4,"cataclysm:stone_pillar":4,"minecraft:grass_block":1,"minecraft:stick":3,"minecraft:dirt":6,"minecraft:diorite":1,"minecraft:ink_sac":4,"evenmoreinstruments:guitar":2,"minecraft:cooked_salmon":3,"minecraft:jack_o_lantern":1,"alexsmobs:cooked_catfish":1,"gravestone:obituary":3,"minecraft:sand":10,"minecraft:fishing_rod":1,"minecraft:redstone":37,"biomesoplenty:toadstool":1,"minecraft:furnace":1,"minecraft:sugar_cane":1,"alexsmobs:animal_dictionary":1,"minecraft:stone_sword":1,"minecraft:cobbled_deepslate":12,"minecraft:tuff":4,"minecraft:raw_iron":4,"minecraft:rotten_flesh":14,"minecraft:oak_planks":1,"minecraft:cooked_mutton":4,"evilcraft:poison_sac":1,"evilcraft:flesh_humanoid":1,"minecraft:chiseled_stone_bricks":3,"minecraft:leather_chestplate":1,"minecraft:sea_pickle":9,"minecraft:leather_boots":4,"minecraft:carved_pumpkin":2,"minecraft:leather_leggings":1,"minecraft:glass":2,"minecraft:wooden_pickaxe":1},"minecraft:crafted":{"minecraft:oak_planks":108,"aether:iron_ring":1,"minecraft:stone_shovel":1,"ironfurnaces:gold_furnace":1,"minecraft:furnace":4,"minecraft:bone_meal":45,"minecraft:cooked_mutton":9,"minecraft:iron_boots":1,"minecraft:stone_pickaxe":1,"minecraft:chest":1,"alexsmobs:cooked_catfish":2,"minecraft:stone_hoe":1,"minecraft:smoker":2,"minecraft:cooked_beef":10,"minecraft:cooked_cod":4,"minecraft:cooked_porkchop":16,"minecraft:crafting_table":6,"evilcraft:broom_part":1,"minecraft:iron_helmet":1,"minecraft:baked_potato":17,"minecraft:wooden_pickaxe":1,"minecraft:iron_sword":1,"minecraft:cooked_salmon":10,"minecraft:copper_ingot":8,"minecraft:gold_block":1,"minecraft:bucket":3,"minecraft:stone_axe":1,"minecraft:bread":4,"minecraft:air":0,"ironfurnaces:copper_furnace":1,"biomesoplenty:fir_planks":12,"minecraft:oak_boat":3,"minecraft:iron_chestplate":1,"minecraft:shield":1,"minecraft:stick":52,"minecraft:iron_ingot":15,"minecraft:iron_pickaxe":1,"minecraft:stone_sword":2,"minecraft:gold_ingot":1,"minecraft:iron_leggings":1,"minecraft:white_bed":1,"minecraft:torch":120},"minecraft:killed":{"minecraft:spider":2,"enemyexpansion:direwolf":4,"minecraft:skeleton":8,"alexsmobs:banana_slug":1,"minecraft:drowned":1,"minecraft:pig":9,"minecraft:salmon":10,"minecraft:creeper":2,"minecraft:sheep":6,"alexsmobs:catfish":4,"minecraft:zombie":18,"evilcraft:poisonous_libelle":1,"alexsmobs:terrapin":2,"enemyexpansion:botfly":2,"alexsmobs:fly":1,"minecraft:enderman":1,"enemyexpansion:wasp":1,"minecraft:cow":5},"minecraft:killed_by":{"minecraft:zombie":1},"minecraft:picked_up":{"minecraft:wooden_axe":1,"minecraft:fishing_rod":1,"minecraft:crafting_table":5,"minecraft:brown_mushroom":2,"minecraft:wooden_pickaxe":1,"enemyexpansion:wasp_thorax":1,"gravestone:obituary":3,"minecraft:string":2,"minecraft:raw_copper":27,"minecraft:wooden_sword":1,"evilcraft:poison_sac":1,"minecraft:sea_pickle":9,"minecraft:cobbled_deepslate":12,"minecraft:beef":10,"minecraft:oak_boat":4,"minecraft:sugar_cane":32,"minecraft:furnace":4,"minecraft:stick":5,"minecraft:raw_iron":57,"minecraft:torch":10,"minecraft:porkchop":18,"minecraft:diorite":2,"minecraft:redstone":74,"minecraft:arrow":9,"minecraft:rotten_flesh":21,"ironfurnaces:gold_furnace":1,"minecraft:carved_pumpkin":2,"minecraft:gold_ingot":8,"minecraft:mutton":9,"minecraft:cod":2,"cataclysm:stone_pillar":4,"minecraft:white_wool":6,"minecraft:cobblestone":64,"minecraft:leather_chestplate":1,"minecraft:salmon":10,"minecraft:leather":3,"minecraft:smoker":7,"minecraft:potato":101,"biomesoplenty:fir_log":3,"minecraft:tuff":4,"minecraft:oak_log":38,"evilcraft:flesh_humanoid":5,"minecraft:lapis_lazuli":51,"minecraft:dirt":120,"minecraft:leather_boots":4,"minecraft:cooked_mutton":1,"minecraft:bone":10,"minecraft:apple":2,"minecraft:wheat_seeds":17,"minecraft:raw_gold":25,"biomesoplenty:toadstool":5,"minecraft:pumpkin":12,"minecraft:chiseled_stone_bricks":3,"minecraft:poisonous_potato":1,"minecraft:sand":7,"minecraft:ink_sac":4,"minecraft:grass_block":1,"minecraft:white_bed":3,"minecraft:spruce_log":7,"minecraft:spider_eye":2,"alexsmobs:animal_dictionary":1,"alexsmobs:raw_catfish":4,"minecraft:diamond":2,"ironfurnaces:copper_furnace":1,"evilcraft:dark_gem":18,"alexsmobs:banana_slug_slime":5,"minecraft:jack_o_lantern":1,"minecraft:oak_sapling":5,"evenmoreinstruments:guitar":2,"minecraft:coal":77},"minecraft:custom":{"minecraft:mob_kills":80,"minecraft:interact_with_crafting_table":49,"minecraft:leave_game":4,"minecraft:time_since_death":112703,"minecraft:sprint_one_cm":237325,"minecraft:walk_one_cm":382658,"minecraft:damage_blocked_by_shield":10,"minecraft:drop":92,"minecraft:play_time":172039,"minecraft:sneak_time":2011,"minecraft:deaths":3,"minecraft:walk_under_water_one_cm":54823,"minecraft:boat_one_cm":466302,"minecraft:jump":2148,"minecraft:walk_on_water_one_cm":45177,"minecraft:total_world_time":172039,"minecraft:interact_with_furnace":91,"minecraft:sleep_in_bed":5,"minecraft:time_since_rest":55419,"minecraft:damage_taken":2726,"minecraft:damage_absorbed":1260,"minecraft:damage_dealt":11411,"minecraft:swim_one_cm":60196,"minecraft:fly_one_cm":319400,"minecraft:open_chest":29,"minecraft:crouch_one_cm":9902,"minecraft:fall_one_cm":44350,"minecraft:fish_caught":3,"minecraft:interact_with_smoker":55}},"DataVersion":3465}