{"stats":{"minecraft:used":{"minecraft:cooked_mutton":2,"minecraft:stone_sword":99,"true_herobrine:herobrine_spawn_egg":2,"minecraft:stone_pickaxe":37,"minecraft:leather_chestplate":1,"minecraft:wooden_pickaxe":27,"evenmoreinstruments:keyboard":2,"minecraft:rotten_flesh":4,"minecraft:torch":9,"minecraft:dirt":19,"minecraft:sand":10,"minecraft:crafting_table":3,"minecraft:smoker":3,"minecraft:apple":2,"minecraft:stone_axe":74,"minecraft:furnace":1,"minecraft:cooked_porkchop":6,"minecraft:oak_boat":4,"minecraft:cooked_beef":3},"minecraft:picked_up":{"minecraft:wooden_axe":1,"minecraft:crafting_table":2,"minecraft:leather_chestplate":1,"minecraft:leather":2,"minecraft:potato":2,"minecraft:wooden_pickaxe":1,"minecraft:smoker":3,"enemyexpansion:wasp_thorax":1,"biomesoplenty:fir_log":3,"minecraft:oak_log":38,"minecraft:dirt":37,"minecraft:string":2,"minecraft:wooden_sword":1,"minecraft:leather_boots":4,"minecraft:bone":4,"minecraft:apple":2,"minecraft:wheat_seeds":1,"minecraft:beef":5,"minecraft:oak_boat":3,"minecraft:sugar_cane":11,"biomesoplenty:toadstool":3,"minecraft:stick":5,"minecraft:pumpkin":12,"minecraft:torch":7,"minecraft:porkchop":9,"minecraft:sand":7,"minecraft:spruce_log":7,"minecraft:spider_eye":2,"alexsmobs:raw_catfish":1,"minecraft:arrow":3,"minecraft:rotten_flesh":8,"minecraft:carved_pumpkin":2,"minecraft:jack_o_lantern":1,"minecraft:oak_sapling":5,"minecraft:coal":31,"minecraft:mutton":6,"minecraft:cobblestone":35,"minecraft:white_wool":4},"minecraft:dropped":{"minecraft:cooked_beef":2,"minecraft:cooked_porkchop":1,"minecraft:rotten_flesh":3,"minecraft:cooked_mutton":2,"minecraft:leather_chestplate":1,"minecraft:leather_boots":4,"minecraft:carved_pumpkin":1,"minecraft:sand":10},"minecraft:mined":{"minecraft:smoker":3,"minecraft:jack_o_lantern":1,"minecraft:carved_pumpkin":1,"minecraft:crafting_table":2,"minecraft:torch":4,"minecraft:grass_block":7,"biomesoplenty:sprout":3,"minecraft:spruce_leaves":1,"minecraft:sugar_cane":7,"minecraft:wall_torch":3,"biomesoplenty:toadstool":3,"minecraft:spruce_log":7,"minecraft:pumpkin":10,"minecraft:grass":11,"minecraft:coal_ore":26,"minecraft:oak_log":38,"minecraft:dirt":10,"biomesoplenty:barley":3,"minecraft:stone":35,"minecraft:fern":1,"minecraft:oak_leaves":19},"minecraft:crafted":{"minecraft:cooked_beef":5,"minecraft:oak_planks":48,"minecraft:cooked_porkchop":7,"minecraft:crafting_table":2,"minecraft:wooden_pickaxe":1,"minecraft:furnace":2,"minecraft:stone_axe":1,"minecraft:cooked_mutton":6,"minecraft:air":0,"minecraft:oak_boat":2,"minecraft:stick":16,"minecraft:stone_pickaxe":1,"minecraft:stone_sword":1,"minecraft:torch":24,"minecraft:smoker":1},"minecraft:custom":{"minecraft:interact_with_furnace":12,"minecraft:mob_kills":34,"minecraft:interact_with_crafting_table":9,"minecraft:leave_game":4,"minecraft:time_since_death":374,"minecraft:time_since_rest":409,"minecraft:sprint_one_cm":98405,"minecraft:damage_absorbed":265,"minecraft:damage_taken":871,"minecraft:walk_one_cm":142031,"minecraft:drop":24,"minecraft:damage_dealt":5165,"minecraft:swim_one_cm":4719,"minecraft:fly_one_cm":148869,"minecraft:crouch_one_cm":1017,"minecraft:play_time":52933,"minecraft:deaths":1,"minecraft:sneak_time":239,"minecraft:walk_under_water_one_cm":4179,"minecraft:boat_one_cm":147822,"minecraft:jump":788,"minecraft:walk_on_water_one_cm":3919,"minecraft:total_world_time":52933,"minecraft:interact_with_smoker":13,"minecraft:fall_one_cm":11241},"minecraft:killed":{"minecraft:pig":5,"minecraft:spider":2,"enemyexpansion:direwolf":3,"minecraft:creeper":1,"minecraft:sheep":4,"minecraft:skeleton":3,"alexsmobs:catfish":2,"minecraft:zombie":8,"alexsmobs:terrapin":2,"alexsmobs:fly":1,"enemyexpansion:wasp":1,"minecraft:cow":2}},"DataVersion":3465}