{"stats":{"minecraft:used":{"minecraft:stone_sword":173,"true_herobrine:herobrine_spawn_egg":3,"minecraft:stone_shovel":80,"minecraft:chest":1,"evenmoreinstruments:keyboard":2,"minecraft:cooked_salmon":5,"minecraft:stone_hoe":66,"minecraft:rotten_flesh":7,"minecraft:torch":9,"minecraft:dirt":54,"minecraft:furnace":2,"minecraft:oak_sapling":5,"minecraft:cooked_cod":2,"minecraft:cooked_beef":3,"minecraft:potato":75,"minecraft:wheat_seeds":9,"minecraft:cooked_mutton":4,"minecraft:stone_pickaxe":56,"minecraft:leather_chestplate":1,"minecraft:wooden_pickaxe":27,"minecraft:sugar_cane":13,"minecraft:sand":10,"minecraft:crafting_table":4,"minecraft:white_bed":2,"minecraft:smoker":7,"minecraft:apple":2,"minecraft:stone_axe":79,"minecraft:fishing_rod":10,"minecraft:cooked_porkchop":13,"minecraft:oak_boat":7,"minecraft:bone_meal":45},"minecraft:mined":{"minecraft:white_bed":2,"minecraft:jack_o_lantern":1,"minecraft:carved_pumpkin":1,"gravestone:gravestone":3,"minecraft:grass_block":73,"minecraft:spruce_leaves":1,"minecraft:chiseled_stone_bricks":1,"minecraft:furnace":1,"biomesoplenty:toadstool":5,"minecraft:pumpkin":10,"minecraft:potatoes":39,"biomesoplenty:barley":3,"minecraft:stone":47,"minecraft:brown_mushroom":2,"minecraft:smoker":6,"minecraft:crafting_table":2,"minecraft:torch":4,"biomesoplenty:sprout":3,"minecraft:sugar_cane":25,"minecraft:wall_torch":3,"minecraft:sea_pickle":3,"minecraft:wheat":4,"minecraft:spruce_log":7,"minecraft:grass":49,"minecraft:oak_log":38,"minecraft:coal_ore":26,"minecraft:dirt":23,"minecraft:oak_leaves":19,"minecraft:fern":11},"minecraft:dropped":{"minecraft:wheat_seeds":1,"minecraft:cooked_beef":2,"alexsmobs:banana_slug_slime":4,"minecraft:crafting_table":2,"minecraft:cooked_porkchop":1,"minecraft:poisonous_potato":1,"minecraft:cobblestone":2,"cataclysm:stone_pillar":4,"minecraft:dirt":1,"evenmoreinstruments:guitar":2,"minecraft:cooked_salmon":3,"minecraft:jack_o_lantern":1,"gravestone:obituary":3,"minecraft:sand":10,"minecraft:fishing_rod":1,"biomesoplenty:toadstool":1,"minecraft:sugar_cane":1,"minecraft:rotten_flesh":10,"minecraft:oak_planks":1,"minecraft:cooked_mutton":2,"evilcraft:flesh_humanoid":1,"minecraft:chiseled_stone_bricks":3,"minecraft:leather_chestplate":1,"minecraft:leather_boots":4,"minecraft:carved_pumpkin":2},"minecraft:crafted":{"minecraft:oak_planks":48,"minecraft:stone_shovel":1,"minecraft:furnace":4,"minecraft:bone_meal":45,"minecraft:cooked_mutton":6,"minecraft:stone_pickaxe":1,"minecraft:chest":1,"alexsmobs:cooked_catfish":2,"minecraft:stone_hoe":1,"minecraft:smoker":2,"minecraft:cooked_beef":5,"minecraft:cooked_cod":4,"minecraft:cooked_porkchop":16,"minecraft:crafting_table":4,"evilcraft:broom_part":1,"minecraft:wooden_pickaxe":1,"minecraft:baked_potato":17,"minecraft:cooked_salmon":10,"minecraft:stone_axe":1,"minecraft:air":0,"biomesoplenty:fir_planks":12,"minecraft:oak_boat":3,"minecraft:stick":24,"minecraft:stone_sword":2,"minecraft:white_bed":1,"minecraft:torch":24},"minecraft:killed":{"minecraft:spider":2,"enemyexpansion:direwolf":3,"minecraft:skeleton":6,"alexsmobs:banana_slug":1,"minecraft:drowned":1,"minecraft:pig":9,"minecraft:salmon":10,"minecraft:creeper":1,"minecraft:sheep":4,"alexsmobs:catfish":4,"minecraft:zombie":11,"evilcraft:poisonous_libelle":1,"alexsmobs:terrapin":2,"enemyexpansion:botfly":2,"alexsmobs:fly":1,"minecraft:enderman":1,"minecraft:cow":2,"enemyexpansion:wasp":1},"minecraft:killed_by":{"minecraft:zombie":1},"minecraft:picked_up":{"minecraft:wooden_axe":1,"minecraft:fishing_rod":1,"minecraft:crafting_table":2,"minecraft:brown_mushroom":2,"enemyexpansion:wasp_thorax":1,"minecraft:wooden_pickaxe":1,"gravestone:obituary":3,"minecraft:string":2,"minecraft:wooden_sword":1,"evilcraft:poison_sac":1,"minecraft:sea_pickle":9,"minecraft:beef":5,"minecraft:oak_boat":4,"minecraft:sugar_cane":32,"minecraft:furnace":1,"minecraft:stick":5,"minecraft:torch":7,"minecraft:porkchop":18,"minecraft:arrow":6,"minecraft:rotten_flesh":17,"minecraft:carved_pumpkin":2,"minecraft:mutton":6,"cataclysm:stone_pillar":4,"minecraft:cod":2,"minecraft:cobblestone":47,"minecraft:white_wool":4,"minecraft:leather_chestplate":1,"minecraft:salmon":10,"minecraft:leather":2,"minecraft:smoker":6,"minecraft:potato":101,"biomesoplenty:fir_log":3,"minecraft:oak_log":38,"evilcraft:flesh_humanoid":5,"minecraft:dirt":117,"minecraft:leather_boots":4,"minecraft:bone":7,"minecraft:apple":2,"minecraft:wheat_seeds":16,"biomesoplenty:toadstool":5,"minecraft:pumpkin":12,"minecraft:chiseled_stone_bricks":3,"minecraft:poisonous_potato":1,"minecraft:sand":7,"minecraft:ink_sac":4,"minecraft:grass_block":1,"minecraft:white_bed":2,"minecraft:spruce_log":7,"minecraft:spider_eye":2,"alexsmobs:raw_catfish":4,"minecraft:oak_sapling":5,"alexsmobs:banana_slug_slime":5,"minecraft:jack_o_lantern":1,"evenmoreinstruments:guitar":2,"minecraft:coal":39},"minecraft:custom":{"minecraft:mob_kills":62,"minecraft:interact_with_crafting_table":20,"minecraft:leave_game":4,"minecraft:time_since_death":59466,"minecraft:sprint_one_cm":184081,"minecraft:walk_one_cm":279823,"minecraft:drop":57,"minecraft:play_time":118802,"minecraft:deaths":3,"minecraft:sneak_time":1130,"minecraft:walk_under_water_one_cm":41676,"minecraft:boat_one_cm":324347,"minecraft:jump":1487,"minecraft:walk_on_water_one_cm":24777,"minecraft:total_world_time":118802,"minecraft:interact_with_furnace":22,"minecraft:sleep_in_bed":5,"minecraft:time_since_rest":2182,"minecraft:damage_taken":2176,"minecraft:damage_absorbed":1260,"minecraft:damage_dealt":8464,"minecraft:swim_one_cm":44309,"minecraft:fly_one_cm":248558,"minecraft:open_chest":28,"minecraft:crouch_one_cm":4194,"minecraft:interact_with_smoker":49,"minecraft:fish_caught":3,"minecraft:fall_one_cm":28101}},"DataVersion":3465}