{"stats":{"minecraft:used":{"minecraft:sand":10,"true_herobrine:herobrine_spawn_egg":2,"evenmoreinstruments:keyboard":2},"minecraft:picked_up":{"minecraft:rotten_flesh":2,"minecraft:porkchop":5,"minecraft:sand":7,"minecraft:oak_log":6},"minecraft:dropped":{"minecraft:rotten_flesh":2,"minecraft:sand":10},"minecraft:mined":{"minecraft:grass":3,"minecraft:oak_log":6,"minecraft:oak_leaves":1},"minecraft:crafted":{"minecraft:oak_planks":24,"minecraft:crafting_table":1,"minecraft:stick":8},"minecraft:custom":{"minecraft:time_since_rest":16933,"minecraft:crouch_one_cm":4,"minecraft:sprint_one_cm":15420,"minecraft:play_time":16933,"minecraft:walk_one_cm":27812,"minecraft:sneak_time":2,"minecraft:mob_kills":5,"minecraft:drop":12,"minecraft:jump":205,"minecraft:damage_dealt":555,"minecraft:leave_game":4,"minecraft:time_since_death":16933,"minecraft:total_world_time":16933,"minecraft:fall_one_cm":1256,"minecraft:fly_one_cm":42810},"minecraft:killed":{"alexsmobs:fly":1,"minecraft:pig":3,"enemyexpansion:direwolf":1}},"DataVersion":3465}