{"stats":{"minecraft:used":{"minecraft:apple":2,"minecraft:stone_sword":40,"true_herobrine:herobrine_spawn_egg":2,"minecraft:wooden_pickaxe":27,"evenmoreinstruments:keyboard":2,"minecraft:rotten_flesh":4,"minecraft:stone_axe":38,"minecraft:sand":10,"minecraft:crafting_table":1,"minecraft:furnace":1,"minecraft:cooked_porkchop":1},"minecraft:picked_up":{"minecraft:wooden_axe":1,"minecraft:stick":5,"minecraft:wooden_pickaxe":1,"enemyexpansion:wasp_thorax":1,"minecraft:porkchop":6,"minecraft:sand":7,"minecraft:oak_log":38,"minecraft:string":2,"minecraft:spider_eye":2,"minecraft:dirt":33,"minecraft:wooden_sword":1,"minecraft:bone":3,"minecraft:arrow":2,"minecraft:rotten_flesh":7,"minecraft:apple":2,"minecraft:oak_sapling":5,"minecraft:coal":8,"minecraft:cobblestone":19},"minecraft:dropped":{"minecraft:rotten_flesh":3,"minecraft:sand":10},"minecraft:mined":{"minecraft:grass":5,"minecraft:oak_log":38,"minecraft:grass_block":2,"minecraft:coal_ore":8,"minecraft:dirt":8,"minecraft:stone":19,"minecraft:oak_leaves":19},"minecraft:crafted":{"minecraft:oak_planks":48,"minecraft:cooked_porkchop":3,"minecraft:crafting_table":1,"minecraft:stick":12,"minecraft:wooden_pickaxe":1,"minecraft:stone_pickaxe":1,"minecraft:stone_sword":1,"minecraft:furnace":1,"minecraft:stone_axe":1,"minecraft:air":0},"minecraft:custom":{"minecraft:time_since_rest":28933,"minecraft:interact_with_furnace":12,"minecraft:sprint_one_cm":46664,"minecraft:damage_taken":205,"minecraft:walk_one_cm":73953,"minecraft:mob_kills":17,"minecraft:drop":13,"minecraft:damage_dealt":2582,"minecraft:interact_with_crafting_table":7,"minecraft:fly_one_cm":84372,"minecraft:crouch_one_cm":774,"minecraft:play_time":28933,"minecraft:sneak_time":181,"minecraft:jump":395,"minecraft:leave_game":4,"minecraft:time_since_death":28933,"minecraft:total_world_time":28933,"minecraft:fall_one_cm":4091},"minecraft:killed":{"minecraft:skeleton":2,"minecraft:zombie":4,"minecraft:pig":4,"minecraft:spider":2,"alexsmobs:fly":1,"enemyexpansion:direwolf":3,"enemyexpansion:wasp":1}},"DataVersion":3465}