{"stats":{"minecraft:used":{"minecraft:chest":1,"minecraft:shield":3,"minecraft:iron_sword":288,"minecraft:rotten_flesh":7,"minecraft:glass":2,"minecraft:lava_bucket":5,"minecraft:iron_helmet":1,"minecraft:bow":6,"minecraft:furnace":4,"minecraft:oak_sapling":5,"minecraft:cooked_cod":4,"minecraft:potato":75,"travelersbackpack:spider":5,"minecraft:diorite":1,"minecraft:leather_leggings":1,"minecraft:oak_planks":28,"minecraft:stone_pickaxe":131,"minecraft:leather_chestplate":1,"minecraft:wooden_pickaxe":28,"minecraft:sugar_cane":13,"minecraft:sand":10,"minecraft:bread":1,"minecraft:smithing_table":1,"minecraft:oak_boat":7,"minecraft:bone_meal":45,"minecraft:cobweb":8,"ironfurnaces:gold_furnace":5,"ironfurnaces:copper_furnace":2,"minecraft:stone_sword":185,"true_herobrine:herobrine_spawn_egg":3,"minecraft:stone_shovel":83,"evenmoreinstruments:keyboard":2,"minecraft:cooked_salmon":7,"minecraft:stone_hoe":66,"minecraft:torch":215,"minecraft:dirt":89,"minecraft:spyglass":17,"evilcraft:bucket_poison":15,"minecraft:cooked_beef":44,"minecraft:cobbled_deepslate":1,"minecraft:wheat_seeds":9,"minecraft:cooked_mutton":6,"minecraft:water_bucket":52,"alexsmobs:cooked_catfish":1,"minecraft:baked_potato":1,"minecraft:crafting_table":11,"minecraft:white_bed":4,"minecraft:smoker":9,"minecraft:diamond_pickaxe":185,"minecraft:apple":2,"minecraft:sunflower":1,"minecraft:iron_pickaxe":185,"alexsmobs:crocodile_egg":1,"minecraft:stone_axe":113,"minecraft:fishing_rod":10,"minecraft:cobblestone":26,"travelersbackpack:standard":3,"minecraft:cooked_porkchop":15,"minecraft:bucket":85,"alexsmobs:animal_dictionary":1},"minecraft:dropped":{"minecraft:iron_sword":2,"minecraft:cooked_beef":21,"alexsmobs:banana_slug_slime":5,"minecraft:baked_potato":10,"minecraft:crafting_table":2,"minecraft:cooked_porkchop":1,"minecraft:leather":8,"mca:potion_of_masculinity":4,"minecraft:dirt":6,"evenmoreinstruments:guitar":2,"minecraft:jack_o_lantern":1,"minecraft:chain":1,"alexsmobs:cooked_catfish":1,"gravestone:obituary":3,"minecraft:amethyst_shard":11,"minecraft:sand":10,"travelersbackpack:backpack_tank":4,"minecraft:fishing_rod":1,"minecraft:white_wool":6,"minecraft:gold_ingot":6,"biomesoplenty:toadstool":1,"minecraft:sugar_cane":1,"minecraft:spyglass":2,"alexsmobs:animal_dictionary":1,"minecraft:cobbled_deepslate":39,"minecraft:pink_dye":1,"minecraft:wheat":3,"minecraft:rotten_flesh":24,"minecraft:oak_planks":1,"minecraft:cooked_mutton":4,"evilcraft:poison_sac":3,"evilcraft:flesh_humanoid":1,"minecraft:chiseled_stone_bricks":3,"minecraft:leather_chestplate":1,"minecraft:leather_boots":4,"minecraft:leather_leggings":1,"minecraft:white_dye":2,"minecraft:arrow":18,"minecraft:glass":15,"minecraft:water_bucket":1,"minecraft:stone_hoe":1,"minecraft:iron_ingot":4,"minecraft:bread":3,"minecraft:wheat_seeds":2,"minecraft:lilac":10,"minecraft:tnt":1,"minecraft:mossy_cobblestone":12,"minecraft:poisonous_potato":1,"minecraft:cobblestone":5,"minecraft:amethyst_block":2,"cataclysm:stone_pillar":4,"minecraft:copper_ingot":3,"minecraft:grass_block":1,"minecraft:polished_andesite":1,"minecraft:stick":3,"mca:wedding_ring":1,"minecraft:lava_bucket":1,"minecraft:diorite":3,"minecraft:ink_sac":4,"minecraft:torch":14,"minecraft:rose_bush":1,"minecraft:cooked_salmon":3,"travelersbackpack:blank_upgrade":1,"minecraft:string":1,"minecraft:bucket":1,"minecraft:spruce_sapling":2,"minecraft:redstone":38,"minecraft:furnace":1,"minecraft:stone_sword":2,"minecraft:tuff":4,"minecraft:raw_iron":4,"mca:potion_of_feminity":3,"minecraft:flint_and_steel":1,"minecraft:lily_of_the_valley":1,"minecraft:sea_pickle":9,"minecraft:carved_pumpkin":2,"minecraft:bow":3,"minecraft:stone_pickaxe":1,"minecraft:wooden_pickaxe":1},"minecraft:broken":{"minecraft:iron_helmet":1},"minecraft:killed":{"mythicmounts:dragon":1,"minecraft:spider":7,"minecraft:skeleton":26,"alexsmobs:banana_slug":1,"minecraft:pig":9,"minecraft:salmon":10,"minecraft:creeper":5,"minecraft:sheep":8,"minecraft:pillager":1,"minecraft:zombie":41,"enemyexpansion:vampire":1,"alexsmobs:terrapin":3,"enemyexpansion:botfly":2,"alexsmobs:fly":1,"minecraft:cow":5,"enemyexpansion:wasp":1,"alexsmobs:raccoon":1,"enemyexpansion:direwolf":10,"minecraft:drowned":1,"alexsmobs:catfish":4,"alexsmobs:crocodile":1,"evilcraft:poisonous_libelle":3,"minecraft:enderman":1,"enemyexpansion:slugger":1},"minecraft:picked_up":{"minecraft:wooden_axe":1,"minecraft:wheat":4,"minecraft:smithing_table":1,"enemyexpansion:wasp_thorax":1,"minecraft:amethyst_block":2,"minecraft:string":6,"minecraft:raw_copper":27,"minecraft:sea_pickle":9,"minecraft:cobbled_deepslate":40,"minecraft:bucket":2,"minecraft:rose_bush":6,"minecraft:wooden_shovel":1,"minecraft:furnace":6,"minecraft:stick":5,"minecraft:torch":29,"minecraft:porkchop":18,"minecraft:diorite":6,"minecraft:rotten_flesh":31,"minecraft:carved_pumpkin":2,"minecraft:obsidian":22,"minecraft:cod":2,"cataclysm:stone_pillar":4,"minecraft:cobblestone":89,"minecraft:leather_chestplate":1,"minecraft:cooked_beef":1,"minecraft:lilac":11,"minecraft:water_bucket":1,"minecraft:andesite":1,"minecraft:smoker":8,"minecraft:potato":102,"biomesoplenty:fir_log":3,"minecraft:tuff":4,"evilcraft:flesh_humanoid":5,"minecraft:lapis_lazuli":96,"minecraft:dirt":126,"minecraft:leather_boots":4,"minecraft:glass":18,"minecraft:bone":31,"travelersbackpack:backpack_tank":2,"minecraft:bow":4,"minecraft:wheat_seeds":18,"minecraft:raw_gold":67,"minecraft:oak_planks":48,"biomesoplenty:toadstool":5,"alexsmobs:crocodile_egg":1,"minecraft:poisonous_potato":1,"minecraft:sand":7,"minecraft:ink_sac":4,"minecraft:grass_block":1,"minecraft:lily_of_the_valley":1,"alexsmobs:animal_dictionary":1,"minecraft:mossy_cobblestone":12,"minecraft:polished_andesite":1,"minecraft:diamond":16,"minecraft:bread":1,"alexsmobs:banana_slug_slime":5,"minecraft:jack_o_lantern":1,"minecraft:oak_sapling":5,"minecraft:fishing_rod":1,"minecraft:crafting_table":7,"minecraft:brown_mushroom":2,"minecraft:wooden_pickaxe":1,"minecraft:chain":2,"gravestone:obituary":3,"minecraft:flint_and_steel":1,"minecraft:wooden_sword":1,"evilcraft:poison_sac":3,"mca:potion_of_masculinity":2,"minecraft:beef":10,"minecraft:oak_boat":4,"minecraft:sugar_cane":32,"minecraft:chest":1,"minecraft:raw_iron":84,"minecraft:copper_ingot":2,"minecraft:white_dye":1,"minecraft:redstone":107,"minecraft:tnt":1,"minecraft:arrow":40,"minecraft:pumpkin_pie":2,"ironfurnaces:gold_furnace":5,"minecraft:gold_ingot":13,"minecraft:mutton":13,"minecraft:white_wool":8,"minecraft:salmon":10,"minecraft:leather":5,"minecraft:oak_log":42,"minecraft:gunpowder":2,"mca:book_romance":1,"minecraft:cooked_mutton":1,"minecraft:apple":2,"minecraft:iron_ingot":1,"minecraft:iron_sword":1,"minecraft:pumpkin":14,"minecraft:chiseled_stone_bricks":3,"minecraft:spyglass":1,"minecraft:amethyst_shard":23,"minecraft:spruce_sapling":2,"minecraft:white_bed":4,"minecraft:spruce_log":7,"minecraft:spider_eye":3,"alexsmobs:raw_catfish":4,"ironfurnaces:copper_furnace":1,"evilcraft:dark_gem":86,"minecraft:melon_seeds":4,"evenmoreinstruments:guitar":3,"minecraft:coal":118,"minecraft:sunflower":2},"minecraft:killed_by":{"minecraft:zombie":1},"minecraft:custom":{"minecraft:interact_with_crafting_table":71,"minecraft:open_barrel":9,"minecraft:leave_game":6,"minecraft:time_since_death":267095,"minecraft:sprint_one_cm":470963,"minecraft:damage_blocked_by_shield":115,"minecraft:drop":198,"minecraft:talked_to_villager":1,"minecraft:play_time":326431,"minecraft:deaths":3,"minecraft:jump":4128,"minecraft:walk_on_water_one_cm":67607,"minecraft:interact_with_furnace":126,"minecraft:sleep_in_bed":7,"minecraft:damage_dealt":24771,"minecraft:crouch_one_cm":16498,"minecraft:interact_with_smoker":61,"minecraft:interact_with_smithing_table":3,"minecraft:mob_kills":148,"minecraft:climb_one_cm":612,"minecraft:walk_one_cm":734296,"minecraft:sneak_time":3910,"minecraft:walk_under_water_one_cm":62273,"minecraft:boat_one_cm":466302,"minecraft:total_world_time":326431,"minecraft:time_since_rest":32595,"minecraft:damage_taken":5669,"minecraft:damage_absorbed":1340,"minecraft:swim_one_cm":61654,"minecraft:fly_one_cm":643990,"minecraft:open_chest":41,"minecraft:fish_caught":3,"minecraft:fall_one_cm":89716},"minecraft:crafted":{"minecraft:oak_planks":124,"aether:iron_ring":1,"minecraft:cooked_mutton":9,"minecraft:glass":10,"minecraft:iron_boots":1,"minecraft:chest":1,"alexsmobs:cooked_catfish":2,"minecraft:stone_hoe":1,"minecraft:smoker":2,"minecraft:glass_bottle":3,"minecraft:cooked_porkchop":16,"minecraft:crafting_table":7,"minecraft:iron_helmet":1,"minecraft:baked_potato":17,"minecraft:wooden_pickaxe":1,"travelersbackpack:standard":1,"minecraft:smithing_table":1,"minecraft:copper_ingot":10,"minecraft:gold_block":1,"mca:potion_of_feminity":3,"biomesoplenty:fir_planks":12,"minecraft:iron_chestplate":1,"minecraft:diamond_pickaxe":1,"minecraft:shield":1,"minecraft:stick":76,"minecraft:iron_ingot":15,"minecraft:iron_pickaxe":1,"minecraft:stone_sword":2,"minecraft:gold_ingot":3,"minecraft:stone_shovel":1,"ironfurnaces:gold_furnace":1,"minecraft:spyglass":3,"minecraft:furnace":4,"minecraft:bone_meal":48,"minecraft:pink_dye":4,"minecraft:stone_pickaxe":1,"travelersbackpack:spider":4,"minecraft:cooked_beef":10,"minecraft:red_dye":2,"minecraft:cooked_cod":4,"evilcraft:broom_part":1,"minecraft:iron_sword":1,"minecraft:cooked_salmon":10,"minecraft:bucket":4,"minecraft:stone_axe":1,"minecraft:bread":4,"minecraft:air":0,"aether:iron_gloves":1,"ironfurnaces:copper_furnace":1,"minecraft:oak_boat":3,"minecraft:white_dye":3,"minecraft:iron_leggings":1,"minecraft:white_bed":1,"minecraft:torch":208},"minecraft:mined":{"minecraft:large_amethyst_bud":1,"minecraft:white_bed":4,"minecraft:carved_pumpkin":1,"minecraft:obsidian":21,"minecraft:grass_block":80,"minecraft:chiseled_stone_bricks":1,"minecraft:tall_seagrass":1,"biomesoplenty:tall_lavender":1,"ironfurnaces:gold_furnace":5,"minecraft:iron_ore":35,"minecraft:cobbled_deepslate":7,"minecraft:fire":11,"biomesoplenty:lavender":2,"minecraft:pumpkin":12,"minecraft:deepslate_lapis_ore":10,"minecraft:dirt_path":1,"minecraft:deepslate_redstone_ore":17,"minecraft:brown_mushroom":2,"minecraft:smoker":8,"minecraft:amethyst_cluster":3,"ironfurnaces:copper_furnace":1,"minecraft:torch":6,"minecraft:calcite":2,"minecraft:cobblestone":5,"minecraft:sugar_cane":25,"minecraft:oak_planks":8,"minecraft:wall_torch":5,"minecraft:amethyst_block":2,"minecraft:seagrass":2,"evilcraft:dark_ore_deepslate":16,"minecraft:wheat":4,"minecraft:lilac":4,"minecraft:tnt":1,"minecraft:grass":61,"minecraft:oak_log":42,"minecraft:dirt":34,"minecraft:oak_leaves":19,"minecraft:deepslate":48,"minecraft:diamond_ore":1,"minecraft:tuff":4,"minecraft:mossy_cobblestone":1,"minecraft:deepslate_diamond_ore":15,"minecraft:jack_o_lantern":1,"gravestone:gravestone":3,"minecraft:spruce_leaves":2,"minecraft:large_fern":1,"minecraft:furnace":4,"biomesoplenty:toadstool":5,"minecraft:andesite":1,"evilcraft:dark_ore":3,"minecraft:potatoes":39,"minecraft:deepslate_iron_ore":47,"minecraft:vine":1,"biomesoplenty:barley":3,"minecraft:stone":91,"minecraft:smithing_table":1,"minecraft:crafting_table":6,"minecraft:rose_bush":6,"minecraft:tall_grass":1,"minecraft:copper_ore":7,"minecraft:lapis_ore":5,"biomesoplenty:sprout":8,"minecraft:deepslate_gold_ore":53,"minecraft:diorite":3,"minecraft:sea_pickle":3,"minecraft:sweet_berry_bush":3,"minecraft:spruce_log":7,"minecraft:coal_ore":99,"minecraft:sunflower":2,"minecraft:fern":11}},"DataVersion":3465}