{"stats":{"minecraft:killed":{"mythicmounts:dragon":1,"minecraft:spider":11,"minecraft:cod":8,"minecraft:skeleton":30,"alexsmobs:banana_slug":1,"minecraft:chicken":1,"minecraft:pig":9,"minecraft:salmon":25,"minecraft:creeper":7,"minecraft:sheep":8,"minecraft:pillager":1,"minecraft:zombie":50,"enemyexpansion:vampire":1,"alexsmobs:terrapin":3,"enemyexpansion:botfly":10,"alexsmobs:fly":1,"minecraft:cow":5,"enemyexpansion:wasp":3,"mca:male_zombie_villager":1,"alexsmobs:raccoon":1,"alexsmobs:seagull":1,"enemyexpansion:direwolf":15,"alexsmobs:bison":1,"minecraft:drowned":1,"mythicmounts:geckotoalizard":1,"enemyexpansion:sprinter":1,"alexsmobs:catfish":4,"evilcraft:poisonous_libelle":4,"alexsmobs:crocodile":1,"minecraft:enderman":1,"enemyexpansion:slugger":1},"minecraft:broken":{"minecraft:iron_boots":1,"minecraft:stone_axe":1,"minecraft:iron_sword":1,"aether:iron_gloves":1,"minecraft:iron_helmet":1},"minecraft:crafted":{"securitycraft:mine":9,"minecraft:oak_planks":128,"aether:iron_ring":1,"shieldexp:iron_shield":1,"minecraft:cooked_mutton":10,"minecraft:glass":10,"minecraft:iron_boots":2,"evilcraft:blood_extractor":2,"minecraft:chest":1,"alexsmobs:cooked_catfish":2,"minecraft:stone_hoe":1,"minecraft:smoker":5,"minecraft:glass_bottle":3,"minecraft:cooked_porkchop":16,"minecraft:crafting_table":7,"minecraft:iron_helmet":2,"minecraft:baked_potato":17,"travelersbackpack:standard":1,"minecraft:wooden_pickaxe":1,"minecraft:smithing_table":1,"minecraft:copper_ingot":10,"minecraft:gold_block":1,"mca:potion_of_feminity":3,"biomesoplenty:fir_planks":12,"minecraft:iron_chestplate":2,"minecraft:charcoal":0,"minecraft:diamond_pickaxe":1,"securitycraft:smoker_mine":2,"minecraft:shield":1,"minecraft:stick":104,"minecraft:iron_ingot":22,"minecraft:iron_pickaxe":1,"minecraft:stone_sword":2,"minecraft:gold_ingot":3,"evilcraft:dark_spike":16,"securitycraft:furnace_mine":2,"minecraft:stone_shovel":1,"ironfurnaces:gold_furnace":1,"minecraft:spyglass":3,"minecraft:furnace":8,"minecraft:bone_meal":48,"minecraft:pink_dye":4,"minecraft:stone_pickaxe":1,"travelersbackpack:spider":4,"minecraft:cooked_beef":10,"minecraft:red_dye":2,"minecraft:cooked_cod":18,"evilcraft:broom_part":1,"minecraft:dried_kelp":7,"minecraft:iron_sword":2,"minecraft:cooked_salmon":25,"minecraft:bucket":4,"securitycraft:cobblestone_mine":1,"minecraft:stone_axe":3,"minecraft:bread":5,"minecraft:air":0,"securitycraft:dirt_mine":4,"aether:iron_gloves":1,"ironfurnaces:copper_furnace":1,"minecraft:oak_boat":4,"minecraft:white_dye":3,"minecraft:iron_leggings":2,"minecraft:white_bed":1,"minecraft:torch":272},"minecraft:dropped":{"minecraft:iron_sword":2,"minecraft:cooked_beef":21,"alexsmobs:banana_slug_slime":5,"minecraft:baked_potato":14,"minecraft:crafting_table":2,"minecraft:cooked_porkchop":1,"minecraft:leather":8,"alexsmobs:bison_fur":2,"mca:potion_of_masculinity":4,"minecraft:dirt":146,"evenmoreinstruments:guitar":2,"minecraft:cooked_cod":1,"minecraft:jack_o_lantern":1,"alexsmobs:cooked_catfish":1,"minecraft:chain":2,"gravestone:obituary":3,"minecraft:amethyst_shard":11,"minecraft:bone_meal":1,"minecraft:sand":10,"travelersbackpack:backpack_tank":4,"minecraft:fishing_rod":1,"minecraft:white_wool":10,"minecraft:gold_ingot":6,"biomesoplenty:toadstool":1,"minecraft:stone_axe":1,"minecraft:sugar_cane":1,"minecraft:spyglass":2,"alexsmobs:animal_dictionary":1,"minecraft:cobbled_deepslate":39,"minecraft:pink_dye":1,"minecraft:wheat":4,"minecraft:rotten_flesh":30,"minecraft:oak_planks":5,"minecraft:cooked_mutton":4,"evilcraft:poison_sac":3,"minecraft:salmon":3,"evilcraft:flesh_humanoid":1,"minecraft:chiseled_stone_bricks":3,"minecraft:leather_chestplate":1,"minecraft:gunpowder":7,"minecraft:leather_boots":4,"minecraft:chest":1,"minecraft:leather_leggings":1,"minecraft:white_dye":2,"minecraft:arrow":18,"minecraft:glass":15,"minecraft:water_bucket":1,"minecraft:stone_hoe":1,"minecraft:iron_ingot":4,"minecraft:bread":3,"minecraft:wheat_seeds":3,"minecraft:lilac":10,"minecraft:tnt":1,"minecraft:mossy_cobblestone":12,"minecraft:poisonous_potato":1,"minecraft:feather":4,"minecraft:cobblestone":6,"minecraft:amethyst_block":2,"cataclysm:stone_pillar":4,"minecraft:copper_ingot":3,"minecraft:grass_block":1,"minecraft:coal":6,"minecraft:stick":6,"minecraft:polished_andesite":1,"mca:wedding_ring":1,"minecraft:lava_bucket":1,"evilcraft:blood_extractor":1,"minecraft:diorite":13,"minecraft:ink_sac":4,"minecraft:torch":15,"minecraft:rose_bush":1,"minecraft:cooked_salmon":5,"travelersbackpack:blank_upgrade":1,"minecraft:iron_leggings":4,"minecraft:dried_kelp":8,"minecraft:red_dye":2,"minecraft:string":3,"minecraft:bucket":1,"minecraft:spruce_sapling":2,"minecraft:redstone":38,"minecraft:furnace":1,"minecraft:kelp":180,"minecraft:stone_sword":2,"minecraft:tuff":5,"minecraft:raw_iron":4,"mca:potion_of_feminity":3,"minecraft:flint_and_steel":1,"minecraft:lily_of_the_valley":1,"minecraft:sea_pickle":9,"minecraft:iron_chestplate":4,"minecraft:oak_sapling":7,"minecraft:wooden_shovel":1,"minecraft:carved_pumpkin":2,"minecraft:spruce_log":1,"minecraft:bow":3,"minecraft:stone_pickaxe":1,"minecraft:wooden_pickaxe":1},"minecraft:mined":{"minecraft:large_amethyst_bud":1,"minecraft:white_bed":4,"minecraft:carved_pumpkin":1,"minecraft:obsidian":21,"minecraft:grass_block":84,"minecraft:chiseled_stone_bricks":1,"minecraft:tall_seagrass":2,"biomesoplenty:tall_lavender":1,"ironfurnaces:gold_furnace":11,"minecraft:iron_ore":43,"minecraft:cobbled_deepslate":10,"minecraft:fire":48,"biomesoplenty:lavender":2,"minecraft:pumpkin":12,"minecraft:deepslate_lapis_ore":10,"minecraft:dirt_path":1,"minecraft:deepslate_redstone_ore":17,"minecraft:brown_mushroom":2,"minecraft:kelp_plant":9,"minecraft:smoker":12,"minecraft:amethyst_cluster":3,"ironfurnaces:copper_furnace":1,"minecraft:torch":8,"minecraft:calcite":2,"minecraft:cobblestone":5,"minecraft:sugar_cane":26,"minecraft:oak_planks":8,"minecraft:wall_torch":7,"minecraft:amethyst_block":2,"minecraft:seagrass":2,"minecraft:birch_log":3,"evilcraft:dark_ore_deepslate":26,"minecraft:wheat":4,"minecraft:lilac":4,"minecraft:tnt":1,"minecraft:grass":84,"minecraft:oak_log":80,"minecraft:dirt":35,"minecraft:oak_leaves":25,"minecraft:deepslate":61,"minecraft:diamond_ore":1,"minecraft:tuff":7,"minecraft:mossy_cobblestone":1,"minecraft:deepslate_diamond_ore":20,"minecraft:jack_o_lantern":1,"gravestone:gravestone":3,"minecraft:spruce_leaves":2,"minecraft:kelp":5,"minecraft:large_fern":1,"minecraft:furnace":4,"biomesoplenty:toadstool":5,"minecraft:andesite":1,"evilcraft:dark_ore":3,"minecraft:potatoes":39,"minecraft:deepslate_iron_ore":77,"minecraft:vine":1,"biomesoplenty:barley":3,"minecraft:stone":183,"travelersbackpack:spider":2,"minecraft:smithing_table":1,"minecraft:crafting_table":6,"minecraft:rose_bush":6,"minecraft:tall_grass":1,"minecraft:copper_ore":13,"minecraft:lapis_ore":5,"biomesoplenty:sprout":8,"minecraft:deepslate_gold_ore":53,"minecraft:diorite":17,"minecraft:sea_pickle":3,"minecraft:sweet_berry_bush":3,"minecraft:spruce_log":7,"securitycraft:dirt_mine":1,"minecraft:coal_ore":99,"minecraft:sunflower":2,"minecraft:fern":25},"minecraft:custom":{"minecraft:interact_with_crafting_table":75,"minecraft:open_barrel":9,"minecraft:leave_game":6,"minecraft:time_since_death":380677,"minecraft:sprint_one_cm":634116,"minecraft:damage_blocked_by_shield":115,"minecraft:drop":264,"minecraft:talked_to_villager":1,"minecraft:play_time":440013,"minecraft:deaths":3,"minecraft:jump":5691,"minecraft:walk_on_water_one_cm":88726,"minecraft:interact_with_furnace":177,"minecraft:sleep_in_bed":8,"minecraft:damage_dealt":32481,"minecraft:crouch_one_cm":20267,"minecraft:interact_with_smoker":87,"minecraft:interact_with_smithing_table":3,"minecraft:mob_kills":214,"minecraft:climb_one_cm":612,"minecraft:walk_one_cm":959196,"minecraft:sneak_time":5531,"minecraft:walk_under_water_one_cm":94440,"minecraft:boat_one_cm":591408,"minecraft:total_world_time":440013,"minecraft:time_since_rest":84786,"minecraft:damage_taken":7664,"minecraft:damage_absorbed":1340,"minecraft:swim_one_cm":140153,"minecraft:fly_one_cm":840798,"minecraft:open_chest":48,"minecraft:fish_caught":3,"minecraft:fall_one_cm":123607},"minecraft:used":{"minecraft:chest":1,"minecraft:shield":3,"minecraft:iron_sword":454,"minecraft:rotten_flesh":10,"minecraft:mutton":2,"minecraft:tuff":1,"minecraft:glass":2,"minecraft:lava_bucket":5,"minecraft:birch_sapling":1,"minecraft:iron_helmet":1,"minecraft:bow":16,"minecraft:oak_sapling":5,"minecraft:furnace":5,"minecraft:cooked_cod":12,"minecraft:potato":75,"travelersbackpack:spider":7,"minecraft:diorite":7,"minecraft:leather_leggings":1,"minecraft:oak_planks":28,"minecraft:stone_pickaxe":131,"minecraft:wooden_pickaxe":28,"minecraft:leather_chestplate":1,"minecraft:sugar_cane":13,"minecraft:sand":11,"minecraft:bread":4,"minecraft:smithing_table":1,"minecraft:andesite":1,"minecraft:oak_boat":8,"minecraft:bone_meal":45,"minecraft:cobweb":8,"ironfurnaces:gold_furnace":11,"ironfurnaces:copper_furnace":2,"minecraft:stone_sword":185,"true_herobrine:herobrine_spawn_egg":3,"minecraft:stone_shovel":83,"evenmoreinstruments:keyboard":2,"minecraft:cooked_salmon":20,"minecraft:stone_hoe":66,"minecraft:torch":289,"minecraft:dirt":90,"minecraft:spyglass":17,"evilcraft:bucket_poison":19,"securitycraft:dirt_mine":5,"minecraft:cooked_beef":51,"minecraft:cobbled_deepslate":32,"minecraft:wheat_seeds":9,"minecraft:cooked_mutton":7,"alexsmobs:cooked_catfish":1,"minecraft:water_bucket":69,"minecraft:baked_potato":3,"securitycraft:cobblestone_mine":1,"minecraft:crafting_table":11,"securitycraft:furnace_mine":2,"minecraft:white_bed":5,"minecraft:smoker":14,"securitycraft:smoker_mine":2,"minecraft:diamond_pickaxe":379,"minecraft:apple":2,"minecraft:sunflower":1,"minecraft:iron_pickaxe":185,"alexsmobs:crocodile_egg":1,"minecraft:stone_axe":160,"minecraft:fishing_rod":10,"minecraft:cobblestone":26,"travelersbackpack:standard":3,"minecraft:cooked_porkchop":15,"minecraft:bucket":100,"minecraft:pumpkin_pie":2,"alexsmobs:animal_dictionary":1},"minecraft:picked_up":{"minecraft:wooden_axe":1,"minecraft:iron_chestplate":3,"minecraft:wheat":4,"minecraft:smithing_table":1,"enemyexpansion:wasp_thorax":1,"travelersbackpack:spider":2,"minecraft:amethyst_block":2,"minecraft:string":9,"minecraft:raw_copper":44,"minecraft:iron_leggings":3,"minecraft:sea_pickle":9,"minecraft:cobbled_deepslate":71,"minecraft:bucket":2,"minecraft:red_dye":2,"minecraft:rose_bush":6,"minecraft:wooden_shovel":1,"evilcraft:blood_extractor":1,"minecraft:furnace":6,"minecraft:stick":5,"minecraft:torch":32,"minecraft:porkchop":18,"minecraft:dried_kelp":1,"minecraft:diorite":20,"minecraft:rotten_flesh":42,"minecraft:carved_pumpkin":2,"minecraft:obsidian":22,"minecraft:cod":18,"cataclysm:stone_pillar":4,"minecraft:cobblestone":180,"minecraft:birch_log":4,"minecraft:leather_chestplate":1,"minecraft:cooked_beef":1,"minecraft:feather":4,"minecraft:lilac":11,"minecraft:water_bucket":1,"minecraft:andesite":1,"alexsmobs:bison_fur":2,"minecraft:smoker":12,"minecraft:potato":102,"biomesoplenty:fir_log":3,"minecraft:tuff":6,"evilcraft:flesh_humanoid":5,"minecraft:lapis_lazuli":96,"minecraft:dirt":271,"minecraft:leather_boots":4,"minecraft:glass":18,"minecraft:bone":36,"travelersbackpack:backpack_tank":4,"minecraft:bow":4,"minecraft:wheat_seeds":19,"minecraft:raw_gold":67,"minecraft:oak_planks":48,"biomesoplenty:toadstool":5,"securitycraft:dirt_mine":1,"minecraft:poisonous_potato":1,"alexsmobs:crocodile_egg":1,"minecraft:sand":8,"minecraft:ink_sac":4,"minecraft:grass_block":1,"minecraft:lily_of_the_valley":1,"alexsmobs:animal_dictionary":1,"minecraft:mossy_cobblestone":12,"minecraft:polished_andesite":1,"minecraft:diamond":21,"minecraft:granite":35,"minecraft:bone_meal":1,"minecraft:bread":1,"alexsmobs:banana_slug_slime":5,"minecraft:jack_o_lantern":1,"minecraft:oak_sapling":12,"minecraft:fishing_rod":1,"minecraft:charcoal":5,"minecraft:crafting_table":7,"minecraft:brown_mushroom":2,"minecraft:wooden_pickaxe":1,"minecraft:chain":2,"gravestone:obituary":3,"minecraft:flint_and_steel":1,"minecraft:wooden_sword":1,"evilcraft:poison_sac":3,"mca:potion_of_masculinity":2,"minecraft:beef":10,"minecraft:oak_boat":4,"minecraft:sugar_cane":35,"minecraft:chest":1,"minecraft:birch_sapling":1,"minecraft:raw_iron":123,"minecraft:copper_ingot":2,"minecraft:white_dye":1,"minecraft:redstone":107,"minecraft:tnt":1,"minecraft:arrow":44,"minecraft:cooked_cod":1,"minecraft:pumpkin_pie":2,"ironfurnaces:gold_furnace":11,"minecraft:gold_ingot":13,"minecraft:mutton":13,"minecraft:white_wool":10,"minecraft:salmon":28,"minecraft:leather":5,"alexsmobs:cachalot_whale_tooth":1,"minecraft:oak_log":83,"minecraft:gunpowder":3,"mca:book_romance":1,"minecraft:cooked_mutton":1,"minecraft:apple":2,"minecraft:kelp":244,"minecraft:iron_ingot":1,"minecraft:iron_sword":1,"minecraft:pumpkin":14,"minecraft:chiseled_stone_bricks":3,"minecraft:spyglass":1,"minecraft:amethyst_shard":23,"minecraft:spruce_sapling":2,"minecraft:white_bed":5,"minecraft:spruce_log":7,"minecraft:spider_eye":4,"alexsmobs:raw_catfish":4,"ironfurnaces:copper_furnace":1,"evilcraft:dark_gem":130,"minecraft:melon_seeds":4,"evenmoreinstruments:guitar":3,"minecraft:coal":132,"minecraft:sunflower":2},"minecraft:killed_by":{"minecraft:zombie":1}},"DataVersion":3465}