{"stats":{"minecraft:used":{"true_herobrine:herobrine_spawn_egg":1},"minecraft:killed":{"enemyexpansion:direwolf":1},"minecraft:custom":{"minecraft:jump":54,"minecraft:time_since_rest":4230,"minecraft:damage_dealt":205,"minecraft:leave_game":3,"minecraft:play_time":4230,"minecraft:sprint_one_cm":2325,"minecraft:time_since_death":4230,"minecraft:walk_one_cm":5224,"minecraft:total_world_time":4230,"minecraft:mob_kills":1,"minecraft:drop":2,"minecraft:fly_one_cm":9499},"minecraft:dropped":{"minecraft:rotten_flesh":2},"minecraft:picked_up":{"minecraft:rotten_flesh":2}},"DataVersion":3465}