{"stats":{"minecraft:used":{"minecraft:stone_pickaxe":10,"minecraft:wooden_pickaxe":28,"minecraft:leather_chestplate":1,"minecraft:leather_boots":1,"minecraft:rotten_flesh":1,"minecraft:crafting_table":4,"minecraft:wooden_axe":9,"minecraft:gravel":1,"minecraft:stone_axe":66,"minecraft:furnace":1,"minecraft:cooked_cod":4,"alexsmobs:animal_dictionary":1,"minecraft:oak_boat":1,"minecraft:cooked_beef":5,"minecraft:pumpkin":2},"minecraft:picked_up":{"minecraft:crafting_table":4,"minecraft:feather":2,"minecraft:chicken":1,"minecraft:salmon":1,"minecraft:leather":3,"minecraft:oak_log":11,"minecraft:gunpowder":3,"minecraft:dirt":14,"minecraft:wheat_seeds":1,"minecraft:spruce_planks":4,"minecraft:beef":5,"minecraft:oak_boat":1,"minecraft:sugar_cane":16,"minecraft:chest":1,"minecraft:oak_planks":3,"minecraft:furnace":1,"minecraft:pumpkin":33,"minecraft:gravel":1,"minecraft:porkchop":4,"minecraft:sand":16,"minecraft:dark_oak_planks":1,"minecraft:rotten_flesh":6,"minecraft:coal":6,"minecraft:cod":1,"minecraft:cobblestone":31},"minecraft:dropped":{"minecraft:chicken":1,"minecraft:salmon":1,"minecraft:filled_map":1,"minecraft:leather_chestplate":1,"minecraft:leather_boots":1,"minecraft:dark_oak_planks":1},"minecraft:mined":{"minecraft:dark_oak_planks":1,"minecraft:spruce_planks":4,"minecraft:crafting_table":3,"minecraft:chest":1,"minecraft:tall_grass":1,"minecraft:sugar_cane":6,"minecraft:furnace":1,"minecraft:pumpkin":33,"minecraft:grass":5,"minecraft:oak_log":11,"minecraft:coal_ore":6,"minecraft:gravel":1,"minecraft:sand":18,"minecraft:stone":31,"minecraft:fern":1},"minecraft:crafted":{"minecraft:cooked_beef":5,"minecraft:oak_planks":44,"minecraft:crafting_table":1,"minecraft:wooden_pickaxe":1,"minecraft:furnace":1,"minecraft:stone_axe":1,"minecraft:air":0,"minecraft:oak_boat":1,"minecraft:iron_boots":1,"minecraft:stick":12,"minecraft:iron_pickaxe":1,"minecraft:stone_pickaxe":1,"minecraft:wooden_axe":1},"minecraft:custom":{"minecraft:interact_with_furnace":6,"minecraft:mob_kills":12,"minecraft:interact_with_crafting_table":5,"minecraft:leave_game":2,"minecraft:time_since_death":37615,"minecraft:time_since_rest":37615,"minecraft:sprint_one_cm":62643,"minecraft:damage_absorbed":96,"minecraft:damage_taken":667,"minecraft:walk_one_cm":39634,"minecraft:drop":6,"minecraft:damage_dealt":1756,"minecraft:swim_one_cm":73685,"minecraft:fly_one_cm":192502,"minecraft:open_chest":8,"minecraft:crouch_one_cm":7745,"minecraft:play_time":37615,"minecraft:sneak_time":2962,"minecraft:walk_under_water_one_cm":5846,"minecraft:boat_one_cm":194997,"minecraft:jump":872,"minecraft:walk_on_water_one_cm":12054,"minecraft:total_world_time":37615,"minecraft:fall_one_cm":29119},"minecraft:killed":{"minecraft:pig":2,"minecraft:spider":2,"minecraft:creeper":2,"minecraft:zombie":3,"minecraft:cow":2}},"DataVersion":3465}