{"stats":{"minecraft:used":{"minecraft:stone_pickaxe":10,"minecraft:spruce_planks":4,"minecraft:wooden_pickaxe":28,"minecraft:leather_chestplate":1,"minecraft:leather_boots":1,"minecraft:rotten_flesh":1,"minecraft:torch":4,"minecraft:dirt":1,"minecraft:crafting_table":8,"minecraft:wooden_axe":23,"minecraft:bread":4,"minecraft:iron_pickaxe":3,"minecraft:gravel":1,"minecraft:stone_axe":70,"minecraft:dark_oak_boat":1,"minecraft:furnace":1,"minecraft:cooked_cod":4,"alexsmobs:animal_dictionary":1,"minecraft:oak_boat":1,"biomesoplenty:fir_log":2,"minecraft:cooked_beef":5,"minecraft:pumpkin":2},"minecraft:picked_up":{"minecraft:crafting_table":7,"minecraft:feather":2,"minecraft:chicken":1,"minecraft:salmon":1,"minecraft:leather":3,"biomesoplenty:fir_log":3,"minecraft:oak_log":11,"minecraft:gunpowder":6,"minecraft:dirt":15,"minecraft:bone":1,"minecraft:wheat_seeds":5,"minecraft:spruce_planks":4,"minecraft:beef":5,"minecraft:oak_boat":1,"minecraft:sugar_cane":16,"minecraft:chest":1,"minecraft:oak_planks":3,"minecraft:furnace":1,"minecraft:raw_iron":1,"minecraft:pumpkin":33,"minecraft:gravel":1,"minecraft:porkchop":4,"minecraft:sand":16,"minecraft:dark_oak_log":3,"minecraft:dark_oak_planks":1,"minecraft:arrow":2,"minecraft:rotten_flesh":6,"minecraft:coal":6,"minecraft:cod":2,"minecraft:cobblestone":33},"minecraft:dropped":{"minecraft:wheat_seeds":5,"minecraft:wheat":1,"minecraft:chicken":1,"minecraft:salmon":1,"minecraft:cod":1,"minecraft:filled_map":1,"minecraft:dirt":14,"minecraft:leather_chestplate":1,"minecraft:gunpowder":3,"minecraft:leather_boots":1,"gravestone:obituary":2,"minecraft:arrow":2,"minecraft:dark_oak_planks":1},"minecraft:mined":{"minecraft:dark_oak_planks":1,"minecraft:spruce_planks":4,"minecraft:dark_oak_log":3,"minecraft:crafting_table":6,"gravestone:gravestone":1,"minecraft:grass_block":1,"minecraft:chest":1,"minecraft:tall_grass":2,"minecraft:sugar_cane":6,"minecraft:furnace":1,"minecraft:iron_ore":1,"minecraft:pumpkin":33,"biomesoplenty:fir_log":1,"minecraft:grass":18,"minecraft:oak_log":11,"minecraft:coal_ore":6,"minecraft:gravel":1,"minecraft:sand":18,"minecraft:stone":33,"minecraft:fern":1},"minecraft:crafted":{"minecraft:cooked_beef":5,"minecraft:oak_planks":44,"minecraft:dark_oak_boat":1,"minecraft:crafting_table":2,"minecraft:wooden_pickaxe":1,"minecraft:furnace":1,"minecraft:stone_axe":1,"minecraft:bread":11,"minecraft:air":0,"biomesoplenty:fir_planks":4,"minecraft:oak_boat":1,"minecraft:iron_boots":1,"minecraft:stick":16,"minecraft:iron_pickaxe":1,"minecraft:stone_pickaxe":1,"minecraft:wooden_axe":2,"minecraft:dark_oak_planks":12,"minecraft:torch":8},"minecraft:custom":{"minecraft:interact_with_furnace":6,"minecraft:mob_kills":14,"minecraft:interact_with_crafting_table":9,"minecraft:leave_game":2,"minecraft:time_since_death":5500,"minecraft:time_since_rest":5528,"minecraft:sprint_one_cm":91303,"minecraft:damage_absorbed":106,"minecraft:damage_taken":1062,"minecraft:walk_one_cm":53276,"minecraft:drop":16,"minecraft:damage_dealt":2598,"minecraft:swim_one_cm":77197,"minecraft:fly_one_cm":291047,"minecraft:open_chest":8,"minecraft:crouch_one_cm":12336,"minecraft:play_time":49615,"minecraft:deaths":2,"minecraft:sneak_time":4378,"minecraft:walk_under_water_one_cm":6200,"minecraft:boat_one_cm":252057,"minecraft:jump":1273,"minecraft:walk_on_water_one_cm":15278,"minecraft:total_world_time":49615,"minecraft:fall_one_cm":43386},"minecraft:killed":{"minecraft:pig":2,"alexsmobs:grizzly_bear":1,"minecraft:spider":2,"minecraft:creeper":2,"minecraft:skeleton":1,"minecraft:zombie":3,"minecraft:cow":2}},"DataVersion":3465}