{"stats":{"minecraft:killed":{"minecraft:spider":3,"enemyexpansion:direwolf":1,"minecraft:skeleton":2,"minecraft:pig":6,"alexsmobs:grizzly_bear":1,"minecraft:creeper":2,"minecraft:sheep":3,"minecraft:zombie":7,"minecraft:cow":2},"minecraft:broken":{"minecraft:stone_axe":1,"minecraft:iron_pickaxe":1},"minecraft:dropped":{"minecraft:oak_slab":3,"minecraft:wheat_seeds":6,"minecraft:tnt":1,"minecraft:mossy_cobblestone":1,"minecraft:feather":2,"minecraft:cod":1,"minecraft:dirt":46,"minecraft:rose_bush":9,"gravestone:obituary":2,"minecraft:pumpkin_pie":4,"minecraft:sunflower":1,"minecraft:string":2,"minecraft:dark_oak_planks":1,"minecraft:armor_stand":4,"minecraft:bone":2,"minecraft:wheat":1,"minecraft:chicken":1,"minecraft:rotten_flesh":1,"minecraft:oak_planks":6,"evilcraft:origins_of_darkness":1,"minecraft:salmon":1,"minecraft:filled_map":2,"minecraft:leather_chestplate":1,"minecraft:gunpowder":3,"minecraft:spruce_trapdoor":1,"minecraft:oak_boat":1,"minecraft:leather_boots":1,"minecraft:redstone_torch":1,"minecraft:spider_eye":1,"minecraft:bow":1,"minecraft:arrow":2},"minecraft:crafted":{"minecraft:oak_door":3,"minecraft:oak_planks":180,"minecraft:stone_shovel":1,"minecraft:dark_oak_boat":1,"minecraft:furnace":2,"aether:golden_gloves":1,"minecraft:bone_meal":3,"minecraft:glass":13,"minecraft:hopper":1,"travelersbackpack:white_sleeping_bag":1,"minecraft:iron_boots":1,"travelersbackpack:gold":1,"minecraft:stone_pickaxe":1,"minecraft:chest":2,"minecraft:dark_oak_planks":12,"minecraft:stone_hoe":1,"minecraft:magenta_dye":2,"mca:matchmakers_ring":2,"minecraft:cooked_beef":5,"minecraft:sugar":5,"minecraft:glass_bottle":3,"minecraft:cooked_cod":1,"mca:engagement_ring":1,"minecraft:cooked_porkchop":14,"minecraft:crafting_table":5,"travelersbackpack:backpack_tank":2,"travelersbackpack:standard":1,"minecraft:wooden_pickaxe":1,"minecraft:bucket":1,"minecraft:stone_axe":2,"mca:potion_of_masculinity":3,"minecraft:bread":11,"minecraft:air":0,"minecraft:blue_dye":2,"biomesoplenty:fir_planks":4,"minecraft:oak_boat":1,"minecraft:white_wool":1,"minecraft:white_dye":3,"minecraft:stick":28,"minecraft:light_blue_dye":4,"minecraft:iron_ingot":4,"minecraft:iron_pickaxe":2,"minecraft:wooden_axe":2,"minecraft:pumpkin_pie":5,"minecraft:redstone_torch":1,"minecraft:torch":8,"mca:wedding_ring":1},"minecraft:mined":{"minecraft:dark_oak_planks":1,"minecraft:spruce_planks":4,"minecraft:mossy_cobblestone":1,"minecraft:dark_oak_log":3,"minecraft:brewing_stand":1,"gravestone:gravestone":1,"minecraft:grass_block":102,"minecraft:spruce_leaves":5,"minecraft:sandstone":13,"minecraft:furnace":3,"minecraft:iron_ore":3,"minecraft:pumpkin":33,"minecraft:stone":267,"minecraft:redstone_wall_torch":2,"minecraft:oak_slab":3,"minecraft:crafting_table":11,"minecraft:cornflower":1,"minecraft:emerald_ore":1,"minecraft:chest":1,"minecraft:rose_bush":1,"minecraft:tall_grass":4,"minecraft:cobblestone":10,"biomesoplenty:sprout":3,"minecraft:sugar_cane":12,"minecraft:oak_planks":1,"minecraft:redstone_torch":3,"minecraft:sweet_berry_bush":5,"minecraft:lilac":1,"minecraft:spruce_log":5,"minecraft:tnt":5,"biomesoplenty:fir_log":1,"minecraft:grass":40,"minecraft:oak_log":45,"minecraft:coal_ore":23,"evilcraft:blood_stain":1,"minecraft:sunflower":1,"minecraft:gravel":1,"minecraft:sand":38,"minecraft:dirt":23,"biomesoplenty:umbran_leaves":1,"travelersbackpack:gold":1,"minecraft:oak_leaves":6,"minecraft:fern":2},"minecraft:custom":{"minecraft:mob_kills":29,"minecraft:inspect_hopper":1,"minecraft:interact_with_crafting_table":49,"minecraft:open_barrel":2,"minecraft:leave_game":4,"minecraft:time_since_death":137420,"minecraft:climb_one_cm":852,"minecraft:sprint_one_cm":361337,"minecraft:walk_one_cm":229068,"minecraft:drop":46,"minecraft:talked_to_villager":1,"minecraft:play_time":181535,"minecraft:deaths":2,"minecraft:sneak_time":15912,"minecraft:walk_under_water_one_cm":19356,"minecraft:boat_one_cm":410772,"minecraft:jump":5077,"minecraft:walk_on_water_one_cm":49490,"minecraft:total_world_time":181535,"minecraft:interact_with_furnace":43,"minecraft:sleep_in_bed":2,"minecraft:time_since_rest":19041,"minecraft:damage_taken":3478,"minecraft:damage_absorbed":106,"minecraft:damage_dealt":4790,"minecraft:swim_one_cm":176262,"minecraft:fly_one_cm":1028862,"minecraft:open_chest":37,"minecraft:crouch_one_cm":57432,"minecraft:fall_one_cm":188742},"minecraft:used":{"minecraft:stone_shovel":64,"minecraft:chest":1,"minecraft:spruce_planks":4,"minecraft:iron_sword":9,"minecraft:cooked_salmon":6,"minecraft:rotten_flesh":1,"minecraft:oak_door":1,"minecraft:torch":10,"minecraft:brewing_stand":1,"minecraft:dirt":7,"minecraft:hopper":1,"minecraft:wooden_axe":23,"travelersbackpack:gold":3,"minecraft:dark_oak_boat":1,"minecraft:sweet_berries":9,"minecraft:furnace":5,"minecraft:cooked_cod":7,"minecraft:egg":9,"minecraft:cooked_beef":5,"minecraft:pumpkin":2,"minecraft:water_bucket":4,"minecraft:stone_pickaxe":10,"minecraft:oak_planks":22,"minecraft:wooden_pickaxe":28,"minecraft:leather_chestplate":1,"minecraft:sandstone":1,"minecraft:leather_boots":1,"minecraft:tnt":9,"minecraft:crafting_table":17,"minecraft:redstone_torch":6,"minecraft:iron_pickaxe":295,"minecraft:bread":24,"minecraft:gravel":1,"minecraft:stone_axe":180,"minecraft:cobblestone":51,"minecraft:cooked_porkchop":12,"minecraft:bucket":5,"minecraft:oak_boat":2,"minecraft:pumpkin_pie":2,"alexsmobs:animal_dictionary":3,"biomesoplenty:fir_log":2},"minecraft:picked_up":{"minecraft:crafting_table":12,"minecraft:iron_chestplate":1,"minecraft:wheat":1,"minecraft:chicken":1,"minecraft:brewing_stand":1,"minecraft:cornflower":1,"minecraft:string":2,"minecraft:armor_stand":6,"minecraft:spruce_planks":4,"minecraft:beef":5,"minecraft:oak_boat":2,"minecraft:rose_bush":9,"minecraft:redstone_torch":6,"minecraft:light_gray_wool":1,"minecraft:chest":1,"minecraft:sugar_cane":35,"minecraft:spruce_trapdoor":1,"minecraft:furnace":3,"minecraft:egg":9,"minecraft:raw_iron":4,"minecraft:sandstone":13,"minecraft:torch":5,"evilcraft:origins_of_darkness":1,"minecraft:porkchop":14,"minecraft:redstone":1,"minecraft:dark_oak_planks":1,"minecraft:tnt":6,"minecraft:arrow":2,"minecraft:rotten_flesh":12,"minecraft:mutton":3,"minecraft:cod":2,"minecraft:white_wool":2,"minecraft:cobblestone":275,"minecraft:feather":2,"minecraft:lilac":1,"minecraft:salmon":1,"minecraft:leather":4,"biomesoplenty:fir_log":3,"alexsmobs:cachalot_whale_tooth":2,"minecraft:oak_log":45,"minecraft:gunpowder":6,"minecraft:dirt":170,"minecraft:glass":2,"minecraft:bone":4,"minecraft:bow":1,"minecraft:wheat_seeds":14,"travelersbackpack:gold":1,"minecraft:oak_planks":10,"minecraft:oak_slab":3,"minecraft:pumpkin":33,"minecraft:sweet_berries":11,"minecraft:gravel":1,"minecraft:sand":43,"minecraft:spruce_log":11,"minecraft:dark_oak_log":3,"minecraft:spider_eye":1,"minecraft:mossy_cobblestone":1,"minecraft:iron_helmet":1,"minecraft:emerald":1,"minecraft:bread":1,"minecraft:oak_sapling":1,"minecraft:coal":23,"minecraft:sunflower":1}},"DataVersion":3465}