{"stats":{"minecraft:used":{"minecraft:spruce_planks":4,"minecraft:iron_sword":1,"minecraft:cooked_salmon":2,"minecraft:rotten_flesh":1,"minecraft:torch":4,"minecraft:dirt":4,"minecraft:wooden_axe":23,"minecraft:dark_oak_boat":1,"minecraft:furnace":3,"minecraft:cooked_cod":5,"minecraft:cooked_beef":5,"minecraft:pumpkin":2,"minecraft:stone_pickaxe":10,"minecraft:oak_planks":17,"minecraft:leather_chestplate":1,"minecraft:wooden_pickaxe":28,"minecraft:sandstone":1,"minecraft:leather_boots":1,"minecraft:tnt":5,"minecraft:crafting_table":10,"minecraft:redstone_torch":3,"minecraft:bread":10,"minecraft:iron_pickaxe":36,"minecraft:gravel":1,"minecraft:stone_axe":167,"minecraft:cobblestone":20,"minecraft:cooked_porkchop":12,"minecraft:pumpkin_pie":1,"minecraft:oak_boat":2,"alexsmobs:animal_dictionary":3,"biomesoplenty:fir_log":2},"minecraft:mined":{"minecraft:dark_oak_planks":1,"minecraft:spruce_planks":4,"minecraft:mossy_cobblestone":1,"minecraft:dark_oak_log":3,"minecraft:brewing_stand":1,"gravestone:gravestone":1,"minecraft:grass_block":3,"minecraft:sandstone":13,"minecraft:furnace":2,"minecraft:iron_ore":3,"minecraft:pumpkin":33,"minecraft:stone":37,"minecraft:redstone_wall_torch":2,"minecraft:oak_slab":3,"minecraft:crafting_table":7,"minecraft:chest":1,"minecraft:tall_grass":4,"biomesoplenty:sprout":1,"minecraft:sugar_cane":12,"minecraft:sweet_berry_bush":1,"minecraft:tnt":4,"biomesoplenty:fir_log":1,"minecraft:grass":25,"minecraft:coal_ore":7,"minecraft:oak_log":45,"minecraft:sand":37,"minecraft:sunflower":1,"minecraft:gravel":1,"minecraft:dirt":1,"biomesoplenty:umbran_leaves":1,"minecraft:oak_leaves":5,"minecraft:fern":1},"minecraft:broken":{"minecraft:stone_axe":1},"minecraft:dropped":{"minecraft:wheat_seeds":6,"minecraft:mossy_cobblestone":1,"minecraft:feather":2,"minecraft:cod":1,"minecraft:dirt":14,"minecraft:rose_bush":5,"gravestone:obituary":2,"minecraft:pumpkin_pie":4,"minecraft:sunflower":1,"minecraft:dark_oak_planks":1,"minecraft:armor_stand":4,"minecraft:wheat":1,"minecraft:chicken":1,"evilcraft:origins_of_darkness":1,"minecraft:salmon":1,"minecraft:filled_map":2,"minecraft:leather_chestplate":1,"minecraft:gunpowder":3,"minecraft:spruce_trapdoor":1,"minecraft:leather_boots":1,"minecraft:oak_boat":1,"minecraft:spider_eye":1,"minecraft:arrow":2,"minecraft:bow":1},"minecraft:crafted":{"minecraft:oak_planks":44,"minecraft:dark_oak_boat":1,"minecraft:furnace":1,"aether:golden_gloves":1,"minecraft:bone_meal":3,"minecraft:glass":12,"travelersbackpack:white_sleeping_bag":1,"minecraft:iron_boots":1,"travelersbackpack:gold":1,"minecraft:stone_pickaxe":1,"minecraft:dark_oak_planks":12,"minecraft:cooked_beef":5,"minecraft:sugar":5,"minecraft:cooked_cod":1,"minecraft:cooked_porkchop":14,"minecraft:crafting_table":2,"travelersbackpack:backpack_tank":2,"minecraft:wooden_pickaxe":1,"travelersbackpack:standard":1,"minecraft:stone_axe":2,"minecraft:bread":11,"minecraft:air":0,"biomesoplenty:fir_planks":4,"minecraft:oak_boat":1,"minecraft:white_wool":1,"minecraft:white_dye":1,"minecraft:stick":20,"minecraft:iron_ingot":4,"minecraft:iron_pickaxe":1,"minecraft:wooden_axe":2,"minecraft:redstone_torch":1,"minecraft:pumpkin_pie":5,"minecraft:torch":8},"minecraft:killed":{"minecraft:spider":3,"enemyexpansion:direwolf":1,"minecraft:skeleton":1,"minecraft:pig":6,"alexsmobs:grizzly_bear":1,"minecraft:creeper":2,"minecraft:sheep":3,"minecraft:zombie":7,"minecraft:cow":2},"minecraft:picked_up":{"minecraft:crafting_table":8,"minecraft:iron_chestplate":1,"minecraft:chicken":1,"minecraft:brewing_stand":1,"minecraft:string":1,"minecraft:armor_stand":6,"minecraft:spruce_planks":4,"minecraft:beef":5,"minecraft:rose_bush":7,"minecraft:oak_boat":2,"minecraft:redstone_torch":3,"minecraft:light_gray_wool":1,"minecraft:chest":1,"minecraft:sugar_cane":35,"minecraft:spruce_trapdoor":1,"minecraft:furnace":2,"minecraft:egg":5,"minecraft:raw_iron":4,"minecraft:sandstone":13,"minecraft:torch":5,"evilcraft:origins_of_darkness":1,"minecraft:porkchop":14,"minecraft:redstone":1,"minecraft:dark_oak_planks":1,"minecraft:tnt":4,"minecraft:arrow":2,"minecraft:rotten_flesh":11,"minecraft:mutton":3,"minecraft:cod":2,"minecraft:white_wool":2,"minecraft:cobblestone":37,"minecraft:feather":2,"minecraft:salmon":1,"minecraft:leather":4,"biomesoplenty:fir_log":3,"alexsmobs:cachalot_whale_tooth":2,"minecraft:oak_log":45,"minecraft:gunpowder":6,"minecraft:dirt":18,"minecraft:bone":1,"minecraft:bow":1,"minecraft:wheat_seeds":6,"minecraft:oak_planks":3,"minecraft:oak_slab":3,"minecraft:pumpkin":33,"minecraft:sweet_berries":3,"minecraft:gravel":1,"minecraft:sand":42,"minecraft:spruce_log":6,"minecraft:dark_oak_log":3,"minecraft:spider_eye":1,"minecraft:mossy_cobblestone":1,"minecraft:iron_helmet":1,"minecraft:oak_sapling":1,"minecraft:coal":7,"minecraft:sunflower":1},"minecraft:custom":{"minecraft:mob_kills":27,"minecraft:interact_with_crafting_table":27,"minecraft:leave_game":3,"minecraft:time_since_death":72413,"minecraft:climb_one_cm":852,"minecraft:sprint_one_cm":215632,"minecraft:walk_one_cm":137528,"minecraft:drop":35,"minecraft:play_time":116528,"minecraft:deaths":2,"minecraft:sneak_time":8101,"minecraft:walk_under_water_one_cm":18202,"minecraft:boat_one_cm":410772,"minecraft:jump":3019,"minecraft:walk_on_water_one_cm":41781,"minecraft:total_world_time":116528,"minecraft:interact_with_furnace":39,"minecraft:time_since_rest":72441,"minecraft:damage_taken":2630,"minecraft:damage_absorbed":106,"minecraft:damage_dealt":4616,"minecraft:fly_one_cm":572185,"minecraft:swim_one_cm":157049,"minecraft:open_chest":26,"minecraft:crouch_one_cm":22261,"minecraft:fall_one_cm":110722}},"DataVersion":3465}