{"stats":{"minecraft:killed":{"mca:female_zombie_villager":1,"minecraft:spider":6,"enemyexpansion:direwolf":6,"minecraft:skeleton":7,"minecraft:chicken":7,"minecraft:pig":12,"alexsmobs:grizzly_bear":1,"minecraft:creeper":4,"minecraft:sheep":3,"alexsmobs:catfish":1,"minecraft:zombie":20,"enemyexpansion:huntsman":1,"minecraft:cow":2,"enemyexpansion:slugger":1},"minecraft:broken":{"minecraft:stone_hoe":1,"minecraft:stone_axe":1,"minecraft:iron_pickaxe":1,"minecraft:stone_shovel":1},"minecraft:dropped":{"minecraft:oak_slab":3,"minecraft:wheat_seeds":6,"minecraft:baked_potato":2,"minecraft:tnt":1,"minecraft:mossy_cobblestone":1,"minecraft:feather":2,"evilcraft:dark_gem":1,"minecraft:cod":1,"minecraft:dirt":110,"minecraft:rose_bush":9,"gravestone:obituary":2,"minecraft:pumpkin_pie":4,"minecraft:sunflower":1,"minecraft:string":3,"minecraft:dark_oak_planks":1,"minecraft:armor_stand":4,"minecraft:bone":2,"alexsmobs:maggot":2,"minecraft:coarse_dirt":2,"minecraft:wheat":1,"minecraft:chicken":1,"minecraft:rotten_flesh":43,"minecraft:oak_planks":6,"evilcraft:origins_of_darkness":1,"minecraft:salmon":1,"minecraft:filled_map":2,"minecraft:leather_chestplate":1,"minecraft:cobblestone_slab":4,"minecraft:gunpowder":3,"minecraft:spruce_trapdoor":1,"minecraft:oak_boat":1,"minecraft:leather_boots":1,"minecraft:redstone_torch":1,"minecraft:spider_eye":1,"minecraft:bow":1,"minecraft:arrow":2,"minecraft:written_book":3},"minecraft:crafted":{"evilcraft:dark_spike":16,"minecraft:oak_door":3,"minecraft:oak_planks":180,"minecraft:cobblestone_slab":6,"minecraft:stone_shovel":1,"minecraft:dark_oak_boat":1,"minecraft:furnace":2,"aether:golden_gloves":1,"ironchest:dirt_chest":1,"minecraft:bone_meal":120,"minecraft:cooked_mutton":3,"minecraft:flint_and_steel":1,"minecraft:glass":17,"minecraft:hopper":1,"travelersbackpack:white_sleeping_bag":1,"minecraft:iron_boots":1,"evilcraft:blood_extractor":2,"travelersbackpack:gold":1,"minecraft:stone_pickaxe":1,"minecraft:chest":4,"minecraft:dark_oak_planks":12,"minecraft:stone_hoe":2,"minecraft:magenta_dye":2,"minecraft:oak_fence":42,"mca:matchmakers_ring":2,"minecraft:cooked_beef":5,"minecraft:sugar":5,"minecraft:glass_bottle":3,"minecraft:cooked_cod":1,"mca:engagement_ring":1,"minecraft:cooked_porkchop":14,"evilcraft:blood_infusion_core":1,"minecraft:crafting_table":5,"minecraft:baked_potato":42,"travelersbackpack:backpack_tank":2,"travelersbackpack:standard":1,"minecraft:wooden_pickaxe":1,"minecraft:bucket":1,"minecraft:stone_axe":2,"mca:potion_of_masculinity":3,"minecraft:bread":11,"minecraft:air":0,"minecraft:blue_dye":2,"biomesoplenty:fir_planks":4,"minecraft:oak_boat":1,"minecraft:white_wool":1,"minecraft:white_dye":3,"evilcraft:blood_infuser":1,"minecraft:stick":64,"minecraft:light_blue_dye":4,"minecraft:iron_ingot":4,"minecraft:iron_pickaxe":2,"minecraft:wooden_axe":2,"minecraft:pumpkin_pie":5,"minecraft:redstone_torch":1,"minecraft:torch":44,"mca:wedding_ring":1},"minecraft:mined":{"minecraft:dark_oak_planks":1,"minecraft:spruce_planks":4,"minecraft:mossy_cobblestone":1,"minecraft:dark_oak_log":3,"minecraft:brewing_stand":1,"gravestone:gravestone":1,"minecraft:grass_block":198,"minecraft:spruce_leaves":6,"minecraft:sandstone":13,"minecraft:furnace":3,"minecraft:iron_ore":3,"minecraft:fire":2,"minecraft:pumpkin":33,"evilcraft:dark_ore":1,"minecraft:potatoes":85,"minecraft:stone":277,"minecraft:redstone_wall_torch":2,"minecraft:oak_slab":3,"minecraft:crafting_table":11,"minecraft:cornflower":1,"minecraft:emerald_ore":1,"minecraft:chest":1,"minecraft:rose_bush":1,"minecraft:tall_grass":4,"minecraft:cobblestone":60,"biomesoplenty:sprout":4,"minecraft:sugar_cane":12,"minecraft:oak_planks":1,"minecraft:wall_torch":1,"ironchest:dirt_chest":1,"minecraft:redstone_torch":3,"minecraft:sweet_berry_bush":5,"minecraft:lilac":1,"minecraft:spruce_log":5,"minecraft:tnt":5,"biomesoplenty:fir_log":1,"minecraft:grass":95,"minecraft:oak_log":45,"minecraft:coal_ore":24,"evilcraft:blood_stain":1,"minecraft:sunflower":1,"minecraft:gravel":13,"minecraft:sand":38,"minecraft:dirt":39,"biomesoplenty:umbran_leaves":1,"travelersbackpack:gold":1,"evilcraft:hardened_blood":3,"minecraft:oak_leaves":6,"minecraft:fern":4},"minecraft:custom":{"minecraft:mob_kills":74,"minecraft:inspect_hopper":1,"minecraft:interact_with_crafting_table":67,"minecraft:open_barrel":2,"minecraft:leave_game":4,"minecraft:time_since_death":227420,"minecraft:climb_one_cm":852,"minecraft:sprint_one_cm":587247,"minecraft:walk_one_cm":478498,"minecraft:drop":57,"minecraft:talked_to_villager":1,"minecraft:play_time":271535,"minecraft:deaths":2,"minecraft:sneak_time":21173,"minecraft:walk_under_water_one_cm":25388,"minecraft:boat_one_cm":410772,"minecraft:jump":6948,"minecraft:interact_with_brewingstand":3,"minecraft:walk_on_water_one_cm":71298,"minecraft:total_world_time":271535,"minecraft:interact_with_furnace":71,"minecraft:sleep_in_bed":2,"minecraft:time_since_rest":109041,"minecraft:damage_taken":4749,"minecraft:damage_absorbed":106,"minecraft:damage_dealt":11756,"minecraft:swim_one_cm":216085,"minecraft:fly_one_cm":1305826,"minecraft:open_chest":62,"minecraft:crouch_one_cm":76972,"minecraft:fall_one_cm":249255},"minecraft:used":{"minecraft:flint_and_steel":7,"minecraft:armor_stand":4,"minecraft:stone_shovel":135,"minecraft:chest":2,"minecraft:spruce_planks":4,"minecraft:iron_sword":155,"minecraft:stone_hoe":195,"minecraft:cooked_salmon":6,"minecraft:rotten_flesh":11,"minecraft:oak_door":1,"minecraft:torch":35,"minecraft:brewing_stand":1,"minecraft:dirt":32,"minecraft:hopper":1,"minecraft:wooden_axe":23,"travelersbackpack:gold":3,"minecraft:dark_oak_boat":1,"minecraft:written_book":2,"minecraft:sweet_berries":11,"minecraft:furnace":5,"minecraft:cooked_cod":7,"minecraft:egg":47,"minecraft:potato":297,"minecraft:cooked_beef":5,"minecraft:pumpkin":2,"ironchest:dirt_chest":1,"minecraft:cooked_mutton":3,"minecraft:water_bucket":22,"minecraft:baked_potato":28,"minecraft:stone_pickaxe":10,"minecraft:oak_planks":22,"evilcraft:blood_infuser":1,"minecraft:wooden_pickaxe":28,"minecraft:leather_chestplate":1,"minecraft:sandstone":1,"minecraft:cobblestone_slab":2,"minecraft:leather_boots":1,"minecraft:tnt":9,"minecraft:crafting_table":17,"minecraft:redstone_torch":6,"minecraft:iron_pickaxe":358,"minecraft:bread":24,"minecraft:gravel":9,"minecraft:stone_axe":182,"minecraft:cobblestone":138,"minecraft:cooked_porkchop":12,"minecraft:bucket":22,"minecraft:oak_boat":2,"minecraft:pumpkin_pie":2,"alexsmobs:animal_dictionary":3,"biomesoplenty:fir_log":2,"minecraft:bone_meal":117},"minecraft:picked_up":{"minecraft:coarse_dirt":2,"minecraft:crafting_table":12,"minecraft:iron_chestplate":1,"minecraft:wheat":1,"evilcraft:dark_power_gem":1,"minecraft:chicken":8,"minecraft:brown_mushroom":2,"minecraft:brewing_stand":1,"minecraft:cornflower":1,"minecraft:string":6,"minecraft:armor_stand":8,"minecraft:spruce_planks":4,"minecraft:beef":5,"minecraft:written_book":2,"minecraft:cobblestone_slab":4,"minecraft:oak_boat":2,"minecraft:rose_bush":9,"minecraft:redstone_torch":6,"evilcraft:hardened_blood_shard":16,"minecraft:light_gray_wool":1,"minecraft:chest":1,"minecraft:sugar_cane":35,"minecraft:spruce_trapdoor":1,"ironchest:dirt_chest":1,"minecraft:furnace":3,"minecraft:egg":9,"minecraft:raw_iron":4,"minecraft:sandstone":13,"minecraft:torch":7,"evilcraft:origins_of_darkness":1,"minecraft:porkchop":24,"minecraft:redstone":1,"minecraft:dark_oak_planks":1,"minecraft:tnt":6,"minecraft:arrow":9,"minecraft:rotten_flesh":71,"minecraft:mutton":3,"minecraft:cod":2,"minecraft:white_wool":2,"minecraft:cobblestone":335,"minecraft:leather_chestplate":1,"minecraft:feather":10,"minecraft:lilac":1,"minecraft:salmon":1,"minecraft:leather":4,"minecraft:potato":322,"biomesoplenty:fir_log":3,"alexsmobs:cachalot_whale_tooth":2,"minecraft:flint":1,"minecraft:oak_log":45,"minecraft:gunpowder":10,"minecraft:dirt":361,"minecraft:glass":2,"minecraft:bone":10,"minecraft:bow":1,"minecraft:wheat_seeds":28,"travelersbackpack:gold":1,"minecraft:oak_planks":10,"minecraft:oak_slab":3,"minecraft:pumpkin":33,"minecraft:sweet_berries":11,"minecraft:gravel":12,"minecraft:sand":43,"minecraft:spruce_log":11,"minecraft:dark_oak_log":3,"minecraft:spider_eye":1,"minecraft:mossy_cobblestone":1,"alexsmobs:raw_catfish":1,"evilcraft:dark_gem":5,"minecraft:iron_helmet":1,"minecraft:emerald":1,"minecraft:bread":1,"alexsmobs:maggot":2,"minecraft:baked_potato":2,"minecraft:oak_sapling":1,"minecraft:coal":24,"minecraft:sunflower":1}},"DataVersion":3465}