{"stats":{"minecraft:picked_up":{"minecraft:iron_chestplate":1,"minecraft:wheat":33,"securitycraft:keypad_item":4,"minecraft:diamond_sword":3,"aether:iron_gloves":2,"minecraft:oak_stairs":2,"minecraft:potion":1,"minecraft:enchanted_book":1,"minecraft:amethyst_block":2,"minecraft:string":14,"minecraft:raw_copper":2,"minecraft:cooked_salmon":4,"minecraft:iron_leggings":2,"minecraft:sea_pickle":1,"minecraft:cobbled_deepslate":543,"biomesoplenty:fir_planks":8,"minecraft:spruce_planks":3,"minecraft:rose_bush":4,"minecraft:redstone_torch":1,"minecraft:wooden_shovel":1,"minecraft:iron_pickaxe":2,"minecraft:furnace":5,"minecraft:stick":6,"minecraft:torch":14,"cataclysm:chiseled_stone_brick_pillar":2,"minecraft:porkchop":10,"minecraft:dried_kelp":20,"minecraft:diorite":12,"minecraft:stone_sword":1,"minecraft:rotten_flesh":61,"securitycraft:portable_tune_player":2,"minecraft:carved_pumpkin":2,"minecraft:obsidian":7,"minecraft:cod":9,"minecraft:cobblestone":443,"minecraft:nautilus_shell":1,"minecraft:birch_log":35,"evilcraft:vengeance_pickaxe":1,"minecraft:leather_chestplate":1,"minecraft:cooked_beef":23,"minecraft:feather":1,"minecraft:lilac":14,"minecraft:andesite":41,"minecraft:smoker":1,"minecraft:potato":36,"minecraft:tuff":13,"evilcraft:flesh_humanoid":4,"minecraft:lapis_lazuli":116,"minecraft:dirt":166,"securitycraft:reinforced_stone_button":10,"minecraft:glass":2,"minecraft:bone":37,"minecraft:bow":3,"minecraft:wheat_seeds":63,"minecraft:raw_gold":11,"minecraft:mossy_stone_bricks":5,"minecraft:stone_hoe":1,"minecraft:oak_planks":27,"biomesoplenty:toadstool":4,"minecraft:cooked_porkchop":3,"travelersbackpack:squid":1,"mca:comb":1,"minecraft:poisonous_potato":1,"evilcraft:darkened_apple":1,"evilcraft:dark_gem_crushed":9,"minecraft:sand":85,"minecraft:ink_sac":7,"alexsmobs:animal_dictionary":2,"minecraft:mossy_cobblestone":12,"securitycraft:universal_block_remover":1,"minecraft:diamond":30,"minecraft:granite":40,"minecraft:bone_meal":1,"minecraft:grass":1,"minecraft:bread":3,"alexsmobs:banana_slug_slime":3,"minecraft:jack_o_lantern":4,"minecraft:oak_sapling":21,"minecraft:diamond_pickaxe":5,"minecraft:charcoal":3,"minecraft:fishing_rod":3,"minecraft:crafting_table":1,"minecraft:chicken":1,"minecraft:leather_leggings":1,"minecraft:wooden_pickaxe":1,"gravestone:obituary":1,"evilcraft:poison_sac":1,"mca:potion_of_masculinity":1,"securitycraft:keypad_frame":2,"minecraft:beef":5,"minecraft:oak_boat":3,"biomesoplenty:sprout":3,"minecraft:sugar_cane":1,"minecraft:birch_sapling":2,"minecraft:egg":1,"minecraft:raw_iron":111,"minecraft:sandstone":4,"minecraft:stone":64,"minecraft:copper_ingot":3,"evilcraft:origins_of_darkness":1,"minecraft:spruce_fence":4,"minecraft:redstone":154,"minecraft:tnt":4,"minecraft:arrow":30,"minecraft:pumpkin_pie":1,"minecraft:hay_block":43,"minecraft:gold_ingot":8,"minecraft:mutton":8,"minecraft:white_wool":6,"minecraft:salmon":11,"biomesoplenty:goldenrod":1,"minecraft:leather":14,"minecraft:filled_map":1,"minecraft:birch_planks":2,"minecraft:oak_log":168,"minecraft:gunpowder":9,"minecraft:cooked_mutton":6,"minecraft:apple":1,"evenmoreinstruments:koto":1,"minecraft:kelp":566,"minecraft:iron_ingot":41,"minecraft:stone_pickaxe":2,"minecraft:cooked_chicken":1,"minecraft:iron_sword":1,"travelersbackpack:blank_upgrade":1,"minecraft:oak_slab":14,"minecraft:pumpkin":22,"minecraft:sweet_berries":18,"minecraft:dandelion":7,"minecraft:spyglass":1,"mca:potion_of_feminity":1,"evilcraft:vengeance_ring":1,"minecraft:white_bed":1,"minecraft:spruce_log":1,"minecraft:crying_obsidian":1,"minecraft:spider_eye":1,"travelersbackpack:standard":1,"minecraft:purple_bed":2,"minecraft:stone_axe":1,"evilcraft:dark_gem":49,"securitycraft:keypad":1,"minecraft:baked_potato":14,"securitycraft:door_indestructible_iron_item":2,"evenmoreinstruments:guitar":2,"minecraft:coal":287,"minecraft:sunflower":1},"minecraft:killed_by":{"minecraft:player":2},"minecraft:used":{"minecraft:iron_shovel":137,"minecraft:chest":2,"minecraft:stone":40,"minecraft:iron_sword":50,"minecraft:rotten_flesh":42,"minecraft:iron_chestplate":7,"minecraft:mutton":1,"securitycraft:keypad_item":4,"minecraft:carrot":8,"minecraft:obsidian":6,"minecraft:glass":3,"minecraft:iron_helmet":2,"ironfurnaces:iron_furnace":2,"minecraft:bow":16,"minecraft:sweet_berries":42,"minecraft:cooked_cod":6,"minecraft:furnace":5,"minecraft:egg":1,"minecraft:potato":9,"securitycraft:door_indestructible_iron_item":2,"minecraft:oak_planks":254,"minecraft:stone_pickaxe":47,"minecraft:wooden_pickaxe":8,"biomesoplenty:fir_planks":10,"minecraft:sandstone":4,"securitycraft:keypad_frame":2,"minecraft:glow_berries":9,"minecraft:sand":4,"securitycraft:universal_block_remover":4,"minecraft:shears":2,"shieldexp:iron_shield":1,"minecraft:bread":62,"evilcraft:darkened_apple":1,"minecraft:lilac":12,"minecraft:diamond_sword":110,"minecraft:oak_boat":3,"minecraft:oak_fence":18,"minecraft:stone_sword":49,"minecraft:flint_and_steel":12,"minecraft:dried_kelp":119,"evilcraft:vengeance_pickaxe":108,"securitycraft:keypad_door_item":1,"minecraft:cooked_salmon":9,"minecraft:cooked_chicken":2,"minecraft:torch":186,"minecraft:spyglass":13,"minecraft:dirt":14,"minecraft:spruce_fence":1,"minecraft:iron_axe":298,"minecraft:oak_stairs":24,"travelersbackpack:squid":3,"minecraft:iron_boots":2,"evilcraft:flesh_humanoid":3,"minecraft:cooked_beef":22,"minecraft:cobbled_deepslate":60,"minecraft:iron_leggings":3,"minecraft:cooked_mutton":9,"minecraft:birch_planks":127,"minecraft:baked_potato":36,"minecraft:salmon":2,"minecraft:oak_slab":65,"minecraft:tnt":4,"minecraft:crafting_table":4,"minecraft:smoker":1,"minecraft:diamond_pickaxe":1527,"minecraft:apple":1,"minecraft:iron_pickaxe":278,"minecraft:stone_axe":58,"minecraft:fishing_rod":28,"minecraft:purple_bed":2,"minecraft:cobblestone":61,"travelersbackpack:standard":5,"minecraft:cooked_porkchop":9,"minecraft:pumpkin_pie":1,"alexsmobs:animal_dictionary":13},"minecraft:crafted":{"minecraft:oak_planks":640,"travelersbackpack:crafting_upgrade":1,"minecraft:cooked_chicken":1,"ironfurnaces:iron_furnace":2,"minecraft:stone":50,"securitycraft:keypad_item":1,"minecraft:heavy_weighted_pressure_plate":1,"shieldexp:iron_shield":1,"minecraft:cooked_mutton":1,"securitycraft:laser_block":1,"minecraft:glass":45,"minecraft:iron_boots":2,"minecraft:chest":3,"minecraft:iron_door":3,"minecraft:oak_fence":18,"securitycraft:keypad_door_item":1,"minecraft:oak_slab":54,"travelersbackpack:iron_tier_upgrade":1,"minecraft:cooked_porkchop":6,"minecraft:crafting_table":4,"minecraft:iron_helmet":2,"minecraft:wooden_pickaxe":1,"minecraft:baked_potato":23,"minecraft:copper_ingot":2,"minecraft:birch_planks":140,"minecraft:diamond_pickaxe":2,"minecraft:iron_chestplate":2,"minecraft:charcoal":3,"minecraft:shield":1,"minecraft:stick":160,"minecraft:iron_ingot":145,"minecraft:iron_pickaxe":1,"minecraft:gold_ingot":15,"minecraft:birch_stairs":4,"minecraft:shears":1,"securitycraft:universal_block_reinforcer_lvl1":1,"minecraft:fishing_rod":2,"minecraft:furnace":4,"minecraft:stone_button":10,"travelersbackpack:gold_tier_upgrade":1,"travelersbackpack:blank_upgrade":4,"minecraft:glass_pane":16,"minecraft:flint_and_steel":1,"travelersbackpack:white_sleeping_bag":1,"minecraft:iron_axe":2,"minecraft:stone_pickaxe":1,"minecraft:redstone_block":1,"travelersbackpack:diamond_tier_upgrade":1,"minecraft:wheat":387,"minecraft:cooked_cod":6,"minecraft:diamond_sword":1,"travelersbackpack:backpack_tank":4,"minecraft:dried_kelp":104,"minecraft:cooked_salmon":5,"minecraft:stone_axe":1,"minecraft:bread":119,"travelersbackpack:squid":5,"securitycraft:door_indestructible_iron_item":1,"minecraft:oak_stairs":64,"minecraft:iron_shovel":1,"minecraft:iron_leggings":3,"minecraft:torch":136},"minecraft:dropped":{"securitycraft:reinforced_stone_button":2,"minecraft:iron_sword":1,"minecraft:birch_planks":4,"alexsmobs:banana_slug_slime":3,"minecraft:baked_potato":1,"minecraft:diamond":11,"minecraft:dirt":17,"evilcraft:vengeance_ring":1,"minecraft:grass":1,"mca:comb":1,"evenmoreinstruments:guitar":2,"minecraft:jack_o_lantern":5,"gravestone:obituary":6,"minecraft:bone_meal":1,"minecraft:sunflower":1,"minecraft:sand":20,"minecraft:iron_pickaxe":1,"travelersbackpack:backpack_tank":2,"minecraft:fishing_rod":3,"minecraft:white_wool":3,"minecraft:gold_ingot":15,"biomesoplenty:toadstool":4,"minecraft:stone_axe":2,"minecraft:sugar_cane":1,"alexsmobs:animal_dictionary":2,"minecraft:cobbled_deepslate":404,"cataclysm:chiseled_stone_brick_pillar":2,"minecraft:wheat":7,"minecraft:birch_sapling":2,"minecraft:rotten_flesh":19,"minecraft:oak_planks":9,"evilcraft:flesh_humanoid":1,"securitycraft:keypad_item":1,"minecraft:gunpowder":7,"minecraft:charcoal":3,"minecraft:leather_boots":1,"minecraft:glass":4,"minecraft:crying_obsidian":1,"minecraft:stone_hoe":1,"minecraft:iron_ingot":40,"minecraft:bread":44,"minecraft:wheat_seeds":55,"minecraft:mossy_cobblestone":12,"travelersbackpack:squid":1,"minecraft:poisonous_potato":1,"minecraft:feather":1,"minecraft:cobblestone":297,"minecraft:granite":40,"minecraft:copper_ingot":5,"minecraft:stick":13,"biomesoplenty:goldenrod":1,"minecraft:diorite":12,"minecraft:ink_sac":1,"minecraft:torch":1,"minecraft:rose_bush":3,"minecraft:potion":1,"minecraft:iron_leggings":3,"minecraft:pumpkin":30,"minecraft:string":12,"minecraft:dandelion":7,"minecraft:redstone":53,"minecraft:sweet_berries":3,"minecraft:stone_sword":2,"securitycraft:portable_tune_player":1,"minecraft:raw_copper":2,"minecraft:tuff":10,"minecraft:raw_iron":1,"minecraft:name_tag":1,"minecraft:spruce_fence":3,"biomesoplenty:sprout":3,"minecraft:diamond_sword":3,"minecraft:filled_map":1,"securitycraft:universal_block_remover":1,"minecraft:potato":1,"minecraft:sea_pickle":1,"aether:iron_gloves":1,"minecraft:diamond_pickaxe":5,"minecraft:iron_chestplate":2,"minecraft:andesite":41,"minecraft:mossy_stone_bricks":5,"minecraft:oak_boat":1,"minecraft:oak_sapling":4,"minecraft:wooden_shovel":1,"minecraft:carved_pumpkin":3,"minecraft:redstone_torch":1,"minecraft:spider_eye":1,"minecraft:spruce_log":1,"minecraft:bow":3,"minecraft:stone_pickaxe":4,"minecraft:wooden_pickaxe":2,"evenmoreinstruments:record_rickroll":1,"minecraft:nautilus_shell":1},"minecraft:mined":{"minecraft:carved_pumpkin":1,"minecraft:obsidian":10,"cataclysm:stone_pillar":4,"minecraft:granite":40,"minecraft:grass_block":76,"minecraft:tall_seagrass":7,"minecraft:iron_ore":17,"minecraft:fire":9,"minecraft:pumpkin":10,"minecraft:deepslate_lapis_ore":11,"minecraft:oak_stairs":2,"minecraft:deepslate_redstone_ore":21,"minecraft:kelp_plant":68,"minecraft:smoker":1,"minecraft:powder_snow":17,"ironfurnaces:iron_furnace":1,"minecraft:torch":6,"minecraft:cobblestone":16,"minecraft:sugar_cane":1,"minecraft:oak_planks":15,"minecraft:wall_torch":6,"biomesoplenty:goldenrod":1,"minecraft:seagrass":3,"evilcraft:dark_ore_deepslate":13,"minecraft:birch_log":35,"minecraft:wheat":28,"minecraft:tnt":5,"minecraft:grass":76,"minecraft:oak_log":174,"minecraft:sand":75,"minecraft:dirt":53,"minecraft:oak_leaves":67,"minecraft:deepslate":1003,"minecraft:infested_deepslate":1,"minecraft:crying_obsidian":1,"minecraft:tuff":16,"minecraft:mossy_cobblestone":2,"minecraft:deepslate_diamond_ore":16,"minecraft:jack_o_lantern":2,"minecraft:glow_lichen":1,"gravestone:gravestone":6,"biomesoplenty:bush":3,"cataclysm:chiseled_stone_brick_pillar":3,"minecraft:spruce_leaves":2,"minecraft:kelp":7,"minecraft:sandstone":2,"minecraft:large_fern":1,"minecraft:hay_block":43,"minecraft:furnace":5,"biomesoplenty:toadstool":2,"minecraft:andesite":42,"minecraft:potatoes":27,"minecraft:deepslate_iron_ore":35,"evenmoreinstruments:koto":1,"minecraft:stone":422,"minecraft:oak_slab":12,"minecraft:dandelion":1,"travelersbackpack:standard":1,"minecraft:crafting_table":1,"minecraft:rose_bush":1,"minecraft:copper_ore":1,"minecraft:tall_grass":2,"biomesoplenty:sprout":9,"minecraft:deepslate_gold_ore":11,"minecraft:diorite":12,"minecraft:purple_bed":1,"minecraft:birch_planks":1,"minecraft:sea_pickle":1,"minecraft:sweet_berry_bush":7,"minecraft:birch_leaves":4,"minecraft:coal_ore":72,"minecraft:sunflower":1,"minecraft:gravel":2,"minecraft:cracked_stone_bricks":1,"minecraft:fern":8},"minecraft:killed":{"minecraft:spider":5,"minecraft:skeleton":18,"alexsmobs:orca":1,"alexsmobs:banana_slug":1,"minecraft:silverfish":1,"minecraft:pig":5,"minecraft:iron_golem":1,"minecraft:creeper":3,"minecraft:sheep":6,"enemyexpansion:meature":2,"minecraft:zombie":17,"alexsmobs:terrapin":1,"enemyexpansion:botfly":7,"minecraft:cow":3,"enemyexpansion:trollenraged":1,"alexsmobs:dropbear":1,"alexsmobs:seagull":1,"enemyexpansion:direwolf":2,"enemyexpansion:goblin":1,"enemyexpansion:sprinter":1,"enemyexpansion:huntsman":1},"minecraft:broken":{"minecraft:leather_leggings":1,"minecraft:iron_boots":1,"minecraft:iron_leggings":1,"minecraft:diamond_pickaxe":1,"aether:iron_gloves":1,"minecraft:leather_chestplate":1,"minecraft:iron_axe":1,"minecraft:iron_pickaxe":1,"minecraft:iron_helmet":1},"minecraft:custom":{"minecraft:interact_with_crafting_table":133,"minecraft:open_barrel":1,"minecraft:leave_game":16,"minecraft:time_since_death":700406,"minecraft:sprint_one_cm":622884,"minecraft:damage_blocked_by_shield":30,"minecraft:drop":180,"minecraft:talked_to_villager":4,"minecraft:play_time":752958,"minecraft:deaths":5,"minecraft:jump":9177,"minecraft:walk_on_water_one_cm":141641,"minecraft:interact_with_furnace":177,"minecraft:sleep_in_bed":7,"minecraft:damage_dealt":14122,"minecraft:crouch_one_cm":55727,"minecraft:interact_with_smoker":25,"minecraft:interact_with_smithing_table":6,"minecraft:mob_kills":82,"minecraft:interact_with_campfire":13,"minecraft:damage_dealt_resisted":136,"minecraft:climb_one_cm":5266,"minecraft:walk_one_cm":2637862,"minecraft:sneak_time":32164,"minecraft:walk_under_water_one_cm":84661,"minecraft:boat_one_cm":621222,"minecraft:total_world_time":752958,"minecraft:interact_with_grindstone":1,"minecraft:time_since_rest":188404,"minecraft:damage_absorbed":6968,"minecraft:damage_taken":11117,"minecraft:swim_one_cm":112043,"minecraft:fly_one_cm":557102,"minecraft:open_chest":68,"minecraft:fish_caught":15,"minecraft:fall_one_cm":150478}},"DataVersion":3465}