{"stats":{"minecraft:picked_up":{"minecraft:wooden_axe":1,"minecraft:iron_chestplate":3,"minecraft:wheat":4,"securitycraft:keypad_item":2,"minecraft:flower_pot":3,"minecraft:smithing_table":2,"minecraft:stone_slab":1,"minecraft:oak_stairs":67,"enemyexpansion:wasp_thorax":3,"travelersbackpack:spider":2,"minecraft:brewing_stand":1,"securitycraft:reinforced_oak_planks":33,"minecraft:amethyst_block":2,"minecraft:string":22,"evilcraft:ender_tear":1,"minecraft:raw_copper":104,"minecraft:iron_leggings":3,"minecraft:sea_pickle":9,"minecraft:cobbled_deepslate":71,"minecraft:spruce_planks":2,"minecraft:bucket":2,"minecraft:red_dye":2,"minecraft:rose_bush":8,"securitycraft:reinforced_oak_stairs":103,"minecraft:wooden_shovel":1,"alexsmobs:raccoon_tail":3,"securitycraft:reinforced_oak_log":26,"evilcraft:blood_extractor":1,"minecraft:furnace":6,"minecraft:stick":8,"minecraft:torch":42,"minecraft:porkchop":35,"minecraft:dried_kelp":1,"minecraft:diorite":71,"securitycraft:reinforced_mossy_cobblestone":1,"minecraft:rotten_flesh":99,"securitycraft:portable_tune_player":1,"minecraft:carved_pumpkin":2,"minecraft:obsidian":22,"cataclysm:stone_pillar":4,"minecraft:cod":18,"minecraft:snowball":8,"minecraft:cobblestone":245,"minecraft:magma_block":10,"minecraft:birch_log":4,"minecraft:leather_chestplate":1,"minecraft:lilac":13,"minecraft:feather":10,"minecraft:cooked_beef":1,"minecraft:water_bucket":1,"minecraft:andesite":6,"minecraft:smoker":14,"minecraft:potato":280,"biomesoplenty:fir_log":3,"alexsmobs:bison_fur":12,"minecraft:flint":1,"minecraft:tuff":6,"evilcraft:flesh_humanoid":5,"minecraft:lapis_lazuli":96,"minecraft:dirt":371,"minecraft:name_tag":1,"minecraft:leather_boots":4,"securitycraft:reinforced_stone_button":8,"minecraft:glass":53,"minecraft:bone":74,"travelersbackpack:backpack_tank":4,"minecraft:bow":5,"minecraft:wheat_seeds":28,"minecraft:raw_gold":67,"minecraft:oak_planks":82,"evilcraft:bucket_poison":1,"biomesoplenty:toadstool":5,"travelersbackpack:squid":2,"evilcraft:darkened_apple":1,"securitycraft:dirt_mine":1,"minecraft:poisonous_potato":3,"alexsmobs:crocodile_egg":1,"evilcraft:dark_gem_crushed":3,"minecraft:sand":117,"minecraft:ink_sac":9,"minecraft:dead_bush":1,"minecraft:grass_block":1,"minecraft:lily_of_the_valley":1,"alexsmobs:animal_dictionary":1,"minecraft:mossy_cobblestone":17,"minecraft:polished_andesite":1,"alexsmobs:kangaroo_hide":5,"minecraft:diamond":25,"minecraft:lever":2,"minecraft:granite":36,"minecraft:bone_meal":1,"minecraft:emerald":8,"minecraft:bread":1,"alexsmobs:banana_slug_slime":5,"minecraft:jack_o_lantern":1,"minecraft:oak_sapling":14,"minecraft:charcoal":9,"minecraft:fishing_rod":1,"minecraft:crafting_table":7,"minecraft:chicken":9,"evilcraft:dark_power_gem":6,"evilcraft:biome_extract":18,"minecraft:brown_mushroom":2,"minecraft:wooden_pickaxe":1,"securitycraft:reinforced_glass_pane":12,"minecraft:chain":2,"gravestone:obituary":3,"minecraft:heavy_weighted_pressure_plate":1,"minecraft:flint_and_steel":1,"minecraft:wooden_sword":1,"evilcraft:poison_sac":3,"minecraft:item_frame":2,"mca:potion_of_masculinity":2,"minecraft:beef":140,"minecraft:oak_boat":4,"evilcraft:hardened_blood_shard":33,"minecraft:sugar_cane":58,"minecraft:chest":10,"minecraft:birch_sapling":1,"minecraft:phantom_membrane":4,"minecraft:raw_iron":162,"minecraft:sandstone":221,"securitycraft:reinforced_cobblestone":64,"minecraft:oak_door":1,"minecraft:copper_ingot":3,"evilcraft:origins_of_darkness":1,"ironchest:iron_chest":4,"minecraft:white_dye":1,"evilcraft:dark_spike":1,"evilcraft:sanguinary_pedestal_1":3,"minecraft:carrot":63,"minecraft:redstone":127,"minecraft:tnt":1,"minecraft:arrow":69,"minecraft:cooked_cod":1,"minecraft:pumpkin_pie":2,"minecraft:jungle_stairs":2,"ironfurnaces:gold_furnace":16,"mowziesmobs:umvuthana_mask_bliss":2,"minecraft:gold_ingot":13,"minecraft:mutton":17,"alexsmobs:kangaroo_meat":5,"minecraft:white_wool":12,"minecraft:salmon":33,"minecraft:leather":5,"minecraft:birch_planks":3,"alexsmobs:cachalot_whale_tooth":3,"minecraft:oak_log":128,"minecraft:gunpowder":5,"mca:book_romance":1,"minecraft:cooked_mutton":1,"minecraft:apple":2,"evilcraft:promise_speed_0":1,"minecraft:kelp":244,"minecraft:iron_ingot":18,"minecraft:iron_sword":1,"minecraft:oak_slab":1,"evilcraft:undead_log":8,"minecraft:pumpkin":18,"minecraft:sweet_berries":2,"minecraft:chiseled_stone_bricks":3,"minecraft:dandelion":2,"minecraft:spyglass":1,"minecraft:gravel":38,"minecraft:amethyst_shard":23,"evilcraft:vengeance_ring":1,"minecraft:spruce_sapling":6,"minecraft:white_bed":5,"minecraft:spruce_log":13,"evilcraft:spirit_furnace":1,"minecraft:spider_eye":11,"evilcraft:dark_tank":3,"alexsmobs:raw_catfish":4,"ironfurnaces:copper_furnace":1,"evilcraft:dark_gem":165,"alexsmobs:rainbow_jelly":3,"evenmoreinstruments:guitar":4,"minecraft:melon_seeds":8,"minecraft:coal":345,"minecraft:ender_pearl":2,"minecraft:sunflower":3},"minecraft:killed_by":{"minecraft:zombie":1},"minecraft:used":{"evilcraft:blood_chest":1,"minecraft:shield":3,"minecraft:chest":18,"minecraft:iron_sword":699,"minecraft:rotten_flesh":22,"evilcraft:sanguinary_pedestal_1":4,"mowziesmobs:umvuthana_mask_bliss":1,"minecraft:mutton":4,"securitycraft:keypad_item":1,"minecraft:carrot":17,"ironchest:iron_chest":6,"minecraft:tuff":1,"minecraft:snowball":4,"minecraft:spruce_boat":1,"minecraft:glass":2,"minecraft:lava_bucket":5,"minecraft:birch_sapling":1,"minecraft:iron_helmet":1,"minecraft:item_frame":3,"minecraft:bow":23,"minecraft:oak_sapling":5,"minecraft:cooked_cod":14,"minecraft:furnace":5,"minecraft:potato":158,"minecraft:diorite":7,"travelersbackpack:spider":7,"minecraft:leather_leggings":1,"minecraft:oak_planks":29,"minecraft:stone_pickaxe":131,"securitycraft:door_indestructible_iron_item":1,"minecraft:leather_chestplate":1,"minecraft:wooden_pickaxe":28,"securitycraft:keypad_frame":1,"securitycraft:reinforced_mossy_cobblestone":1,"minecraft:sugar_cane":24,"minecraft:diamond_axe":190,"securitycraft:reinforced_glass_pane":5,"minecraft:white_wool":1,"minecraft:sand":11,"evilcraft:undead_sapling":4,"securitycraft:universal_block_remover":38,"shieldexp:iron_shield":3,"minecraft:enderman_spawn_egg":1,"minecraft:lever":1,"minecraft:heavy_weighted_pressure_plate":1,"minecraft:bread":4,"minecraft:gravel":2,"minecraft:diamond_sword":285,"minecraft:smithing_table":3,"minecraft:andesite":1,"minecraft:oak_boat":10,"securitycraft:reinforced_oak_log":25,"minecraft:bone_meal":164,"minecraft:cobweb":8,"ironfurnaces:gold_furnace":17,"ironfurnaces:copper_furnace":2,"minecraft:rose_bush":1,"minecraft:stone_sword":185,"minecraft:flint_and_steel":17,"true_herobrine:herobrine_spawn_egg":3,"minecraft:stone_shovel":213,"evilcraft:vengeance_pickaxe":106,"minecraft:spruce_planks":2,"evenmoreinstruments:keyboard":2,"minecraft:cooked_salmon":25,"minecraft:stone_hoe":143,"minecraft:torch":298,"minecraft:brewing_stand":1,"minecraft:dirt":91,"minecraft:spyglass":21,"travelersbackpack:squid":7,"evilcraft:bucket_poison":19,"minecraft:melon_seeds":4,"securitycraft:dirt_mine":5,"minecraft:cooked_beef":71,"minecraft:cobbled_deepslate":32,"minecraft:wheat_seeds":9,"minecraft:cooked_mutton":7,"alexsmobs:cooked_catfish":1,"minecraft:water_bucket":89,"securitycraft:reinforced_oak_planks":21,"securitycraft:reinforced_cobblestone":46,"minecraft:baked_potato":52,"evilcraft:blood_infuser":1,"securitycraft:cobblestone_mine":1,"minecraft:crafting_table":13,"minecraft:spider_eye":1,"securitycraft:furnace_mine":2,"minecraft:white_bed":5,"minecraft:smoker":18,"minecraft:diamond_pickaxe":650,"securitycraft:smoker_mine":2,"minecraft:apple":2,"evilcraft:spirit_furnace":1,"minecraft:sunflower":1,"minecraft:iron_pickaxe":185,"minecraft:suspicious_stew":2,"alexsmobs:crocodile_egg":1,"minecraft:spruce_sapling":6,"minecraft:stone_axe":217,"minecraft:fishing_rod":15,"minecraft:cobblestone":34,"evilcraft:dark_tank":4,"travelersbackpack:standard":3,"minecraft:cooked_porkchop":15,"minecraft:bucket":117,"minecraft:glass_pane":12,"minecraft:pumpkin_pie":2,"alexsmobs:animal_dictionary":2,"securitycraft:reinforced_oak_stairs":68},"minecraft:crafted":{"securitycraft:mine":9,"minecraft:oak_planks":204,"aether:iron_ring":1,"minecraft:stone":0,"minecraft:lever":1,"securitycraft:keypad_item":1,"evilcraft:promise_speed_0":1,"minecraft:heavy_weighted_pressure_plate":2,"shieldexp:iron_shield":1,"minecraft:cooked_mutton":10,"evilcraft:vengeance_ring":2,"securitycraft:laser_block":1,"minecraft:glass":11,"evilcraft:promise_tier_1":1,"minecraft:iron_boots":2,"evilcraft:blood_extractor":21,"evilcraft:dark_brick":4,"evilcraft:spirit_furnace":1,"minecraft:chest":7,"alexsmobs:cooked_catfish":2,"minecraft:stone_hoe":2,"minecraft:stone_bricks":4,"minecraft:smoker":6,"minecraft:glass_bottle":3,"evilcraft:undead_planks":32,"minecraft:cooked_porkchop":16,"minecraft:crafting_table":8,"minecraft:spruce_planks":24,"travelersbackpack:standard":2,"minecraft:baked_potato":105,"minecraft:wooden_pickaxe":1,"minecraft:iron_helmet":2,"evilcraft:dark_gem":27,"minecraft:smithing_table":1,"minecraft:copper_ingot":18,"evilcraft:bowl_of_promises_empty":1,"minecraft:gold_block":2,"mca:potion_of_feminity":3,"biomesoplenty:fir_planks":12,"evilcraft:sanguinary_pedestal_1":1,"minecraft:book":1,"minecraft:paper":3,"minecraft:iron_chestplate":2,"minecraft:diamond_pickaxe":1,"minecraft:charcoal":1,"minecraft:shield":1,"securitycraft:smoker_mine":2,"minecraft:stick":116,"minecraft:iron_ingot":27,"minecraft:iron_pickaxe":1,"minecraft:iron_block":3,"minecraft:stone_sword":2,"minecraft:gold_ingot":3,"evilcraft:vengeance_pickaxe":3,"minecraft:shears":1,"securitycraft:universal_block_reinforcer_lvl1":1,"evilcraft:dark_spike":48,"securitycraft:furnace_mine":2,"minecraft:stone_shovel":2,"ironfurnaces:gold_furnace":1,"minecraft:spyglass":3,"evilcraft:bowl_of_promises_dusted":4,"evilcraft:blood_chest":1,"minecraft:furnace":9,"minecraft:bone_meal":180,"minecraft:pink_dye":4,"minecraft:glass_pane":32,"minecraft:flint_and_steel":1,"evilcraft:dark_block":9,"evilcraft:vengeance_focus":1,"evilcraft:sanguinary_pedestal_0":1,"minecraft:stone_pickaxe":1,"evilcraft:dark_stick":12,"minecraft:spruce_boat":1,"minecraft:redstone_block":2,"travelersbackpack:spider":4,"minecraft:cooked_beef":75,"minecraft:red_dye":2,"minecraft:cooked_cod":18,"evilcraft:biome_extract":12,"minecraft:diamond_sword":1,"evilcraft:dark_tank":1,"evilcraft:blood_infusion_core":3,"evilcraft:broom_part":1,"minecraft:dried_kelp":7,"minecraft:iron_sword":2,"minecraft:cooked_salmon":25,"ironchest:copper_chest":2,"evilcraft:promise_tier_2":1,"minecraft:bucket":4,"securitycraft:cobblestone_mine":1,"minecraft:stone_axe":3,"evilcraft:dark_power_gem":9,"minecraft:bread":5,"minecraft:air":0,"aether:iron_gloves":1,"securitycraft:dirt_mine":4,"ironfurnaces:copper_furnace":1,"travelersbackpack:squid":1,"minecraft:oak_boat":6,"minecraft:white_dye":3,"evilcraft:blood_infuser":1,"minecraft:iron_leggings":2,"evilcraft:promise_efficiency_0":1,"minecraft:white_bed":1,"minecraft:torch":284,"minecraft:lapis_block":1,"ironchest:iron_chest":2},"minecraft:dropped":{"minecraft:iron_sword":2,"minecraft:birch_planks":3,"alexsmobs:banana_slug_slime":5,"minecraft:cooked_beef":21,"minecraft:baked_potato":14,"minecraft:crafting_table":2,"minecraft:cooked_porkchop":1,"minecraft:leather":8,"alexsmobs:bison_fur":2,"mca:potion_of_masculinity":4,"minecraft:emerald":4,"evilcraft:vengeance_ring":1,"minecraft:dirt":229,"evenmoreinstruments:guitar":2,"minecraft:mutton":2,"evilcraft:biome_extract":8,"minecraft:cooked_cod":1,"minecraft:jack_o_lantern":1,"minecraft:snowball":4,"evilcraft:promise_tier_1":1,"alexsmobs:cooked_catfish":1,"minecraft:chain":2,"gravestone:obituary":3,"minecraft:amethyst_shard":11,"minecraft:bone_meal":11,"minecraft:sunflower":1,"minecraft:sand":48,"travelersbackpack:backpack_tank":4,"minecraft:fishing_rod":1,"minecraft:white_wool":10,"minecraft:bone":2,"minecraft:gold_ingot":6,"minecraft:gravel":35,"biomesoplenty:toadstool":1,"minecraft:stone_axe":1,"minecraft:sugar_cane":1,"minecraft:spyglass":2,"minecraft:lever":1,"minecraft:iron_nugget":6,"minecraft:cobbled_deepslate":39,"alexsmobs:animal_dictionary":1,"minecraft:pink_dye":1,"minecraft:wheat":4,"minecraft:rotten_flesh":37,"minecraft:oak_planks":7,"minecraft:cooked_mutton":4,"evilcraft:poison_sac":3,"minecraft:white_bed":1,"evilcraft:flesh_humanoid":1,"minecraft:salmon":3,"minecraft:chiseled_stone_bricks":3,"minecraft:leather_chestplate":1,"evilcraft:promise_speed_0":1,"minecraft:gunpowder":9,"minecraft:jungle_stairs":2,"minecraft:melon_seeds":4,"minecraft:leather_boots":4,"minecraft:chest":1,"minecraft:leather_leggings":1,"minecraft:white_dye":2,"minecraft:arrow":18,"minecraft:glass":31,"minecraft:stone_hoe":1,"minecraft:water_bucket":1,"minecraft:bread":3,"minecraft:iron_ingot":15,"minecraft:oak_slab":1,"minecraft:wheat_seeds":6,"minecraft:lilac":12,"minecraft:tnt":1,"minecraft:mossy_cobblestone":12,"evilcraft:dark_gem_crushed":3,"minecraft:poisonous_potato":3,"minecraft:book":1,"minecraft:feather":7,"minecraft:cobblestone":18,"minecraft:amethyst_block":2,"minecraft:granite":1,"evilcraft:dark_gem":41,"cataclysm:stone_pillar":4,"minecraft:copper_ingot":4,"evilcraft:vengeance_pickaxe":2,"minecraft:grass_block":1,"minecraft:coal":6,"mca:wedding_ring":1,"minecraft:polished_andesite":1,"minecraft:stick":10,"minecraft:lava_bucket":1,"evilcraft:blood_extractor":1,"minecraft:diorite":63,"minecraft:ink_sac":5,"minecraft:torch":17,"minecraft:rose_bush":2,"minecraft:cooked_salmon":5,"travelersbackpack:blank_upgrade":1,"evilcraft:dark_spike":2,"minecraft:iron_leggings":4,"minecraft:dried_kelp":8,"minecraft:pumpkin":6,"evilcraft:darkened_apple":1,"minecraft:red_dye":2,"minecraft:string":4,"minecraft:bucket":1,"minecraft:spruce_sapling":4,"minecraft:redstone":78,"minecraft:furnace":1,"minecraft:kelp":180,"minecraft:sweet_berries":2,"minecraft:stone_sword":2,"minecraft:bowl":2,"minecraft:tuff":5,"minecraft:raw_iron":4,"minecraft:chicken":3,"minecraft:stone_slab":1,"minecraft:glass_pane":4,"mca:potion_of_feminity":3,"minecraft:flint_and_steel":1,"minecraft:lily_of_the_valley":1,"minecraft:potato":3,"minecraft:flower_pot":2,"minecraft:sea_pickle":9,"minecraft:iron_chestplate":4,"minecraft:andesite":5,"minecraft:oak_sapling":9,"minecraft:wooden_shovel":1,"minecraft:carved_pumpkin":2,"minecraft:spruce_log":1,"minecraft:sandstone":311,"minecraft:bow":4,"minecraft:stone_pickaxe":1,"minecraft:wooden_pickaxe":1},"minecraft:mined":{"minecraft:large_amethyst_bud":1,"minecraft:spruce_planks":3,"minecraft:white_bed":4,"minecraft:brewing_stand":1,"minecraft:obsidian":21,"minecraft:carved_pumpkin":1,"minecraft:granite":1,"minecraft:grass_block":130,"minecraft:chiseled_stone_bricks":1,"minecraft:tall_seagrass":2,"minecraft:magma_block":10,"biomesoplenty:tall_lavender":1,"ironfurnaces:gold_furnace":16,"minecraft:iron_ore":66,"minecraft:fire":56,"minecraft:cobbled_deepslate":22,"biomesoplenty:lavender":2,"minecraft:pumpkin":12,"minecraft:deepslate_lapis_ore":10,"minecraft:potted_dandelion":1,"minecraft:dirt_path":1,"minecraft:oak_stairs":80,"evilcraft:spirit_furnace":1,"minecraft:deepslate_redstone_ore":17,"minecraft:brown_mushroom":2,"minecraft:kelp_plant":10,"minecraft:smoker":14,"minecraft:amethyst_cluster":3,"ironfurnaces:copper_furnace":1,"minecraft:torch":8,"minecraft:jungle_stairs":2,"minecraft:calcite":2,"minecraft:chest":9,"minecraft:cobblestone":48,"minecraft:oak_planks":38,"minecraft:sugar_cane":37,"minecraft:wall_torch":9,"minecraft:amethyst_block":2,"minecraft:seagrass":2,"minecraft:birch_log":3,"evilcraft:dark_ore_deepslate":26,"minecraft:wheat":4,"minecraft:lilac":5,"minecraft:orange_tulip":1,"minecraft:tnt":1,"minecraft:grass":123,"minecraft:oak_log":125,"minecraft:sand":106,"minecraft:dirt":36,"minecraft:deepslate":61,"minecraft:oak_leaves":34,"evilcraft:hardened_blood":20,"minecraft:diamond_ore":1,"minecraft:tuff":9,"minecraft:mossy_cobblestone":6,"minecraft:deepslate_diamond_ore":20,"evilcraft:dark_tank":3,"minecraft:oak_door":1,"minecraft:jack_o_lantern":1,"gravestone:gravestone":3,"minecraft:lever":1,"biomesoplenty:bush":10,"minecraft:jungle_planks":2,"minecraft:spruce_leaves":3,"minecraft:kelp":5,"minecraft:sandstone":140,"minecraft:large_fern":1,"evilcraft:sanguinary_pedestal_1":3,"minecraft:heavy_weighted_pressure_plate":1,"minecraft:furnace":4,"minecraft:carrots":17,"biomesoplenty:toadstool":5,"minecraft:snow":6,"minecraft:andesite":1,"evilcraft:dark_ore":3,"minecraft:potatoes":86,"minecraft:deepslate_iron_ore":77,"minecraft:vine":1,"ironchest:iron_chest":4,"minecraft:packed_ice":3,"biomesoplenty:barley":3,"minecraft:stone":208,"minecraft:white_wool":1,"travelersbackpack:spider":2,"minecraft:smithing_table":2,"minecraft:oak_slab":1,"minecraft:glass_pane":7,"minecraft:crafting_table":6,"minecraft:rose_bush":8,"minecraft:copper_ore":18,"minecraft:tall_grass":17,"minecraft:lapis_ore":5,"biomesoplenty:sprout":10,"minecraft:deepslate_gold_ore":53,"minecraft:diorite":23,"travelersbackpack:squid":2,"minecraft:birch_planks":2,"minecraft:sea_pickle":3,"minecraft:sweet_berry_bush":5,"minecraft:spruce_log":13,"minecraft:birch_leaves":1,"securitycraft:dirt_mine":1,"minecraft:coal_ore":170,"evilcraft:undead_log":8,"minecraft:sunflower":3,"minecraft:gravel":4,"minecraft:fern":25},"minecraft:killed":{"mythicmounts:dragon":1,"enemyexpansion:equestrian":3,"minecraft:spider":29,"minecraft:cod":8,"minecraft:skeleton":46,"alexsmobs:orca":1,"alexsmobs:banana_slug":1,"minecraft:chicken":6,"alexsmobs:kangaroo":4,"minecraft:pig":15,"minecraft:salmon":29,"minecraft:creeper":11,"minecraft:sheep":10,"minecraft:pillager":1,"enemyexpansion:meature":2,"minecraft:zombie":89,"enemyexpansion:vampire":1,"alexsmobs:terrapin":3,"cataclysm:deepling":1,"enemyexpansion:botfly":23,"alexsmobs:fly":1,"mowziesmobs:umvuthana_raptor":1,"enemyexpansion:wasp":12,"minecraft:cow":5,"mca:male_zombie_villager":1,"alexsmobs:raccoon":6,"alexsmobs:seagull":1,"enemyexpansion:direwolf":27,"minecraft:phantom":2,"alexsmobs:comb_jelly":4,"alexsmobs:bison":11,"minecraft:drowned":3,"mythicmounts:geckotoalizard":1,"enemyexpansion:sprinter":4,"mowziesmobs:umvuthana_follower_raptor":4,"minecraft:squid":1,"alexsmobs:emu":1,"alexsmobs:catfish":4,"alexsmobs:crocodile":3,"evilcraft:poisonous_libelle":4,"enemyexpansion:huntsman":3,"minecraft:enderman":4,"enemyexpansion:slugger":2},"minecraft:broken":{"minecraft:iron_boots":1,"minecraft:stone_axe":1,"minecraft:iron_sword":2,"mowziesmobs:umvuthana_mask_bliss":1,"minecraft:stone_shovel":1,"aether:iron_gloves":1,"minecraft:iron_helmet":2,"aether:leather_gloves":1},"minecraft:custom":{"minecraft:interact_with_crafting_table":104,"minecraft:open_barrel":9,"minecraft:leave_game":9,"minecraft:time_since_death":694806,"minecraft:sprint_one_cm":1009393,"minecraft:damage_blocked_by_shield":265,"minecraft:drop":417,"minecraft:talked_to_villager":2,"minecraft:play_time":754142,"minecraft:deaths":3,"minecraft:jump":9157,"minecraft:interact_with_brewingstand":4,"minecraft:walk_on_water_one_cm":126960,"minecraft:interact_with_furnace":259,"minecraft:sleep_in_bed":13,"minecraft:damage_dealt":64158,"minecraft:crouch_one_cm":34788,"minecraft:interact_with_smoker":159,"minecraft:interact_with_smithing_table":5,"minecraft:horse_one_cm":91409,"minecraft:mob_kills":398,"minecraft:climb_one_cm":2440,"minecraft:walk_one_cm":1551825,"minecraft:sneak_time":10901,"minecraft:walk_under_water_one_cm":154644,"minecraft:boat_one_cm":766936,"minecraft:total_world_time":754142,"minecraft:time_since_rest":151963,"minecraft:damage_absorbed":1340,"minecraft:damage_taken":11796,"minecraft:swim_one_cm":306568,"minecraft:fly_one_cm":1576176,"minecraft:open_chest":367,"minecraft:fish_caught":3,"minecraft:fall_one_cm":250150}},"DataVersion":3465}